{
    "providers":[
        {
            "type":"bitmap",
            "file":"minecraft:custom/char_hp_segment_remaining.png",
            "ascent":7,
            "height":32,
            "chars":[
                "\uE001"
            ]
        },
        {
            "type":"bitmap",
            "file":"minecraft:custom/char_hp_segment_missing.png",
            "ascent":7,
            "height":32,
            "chars":[
                "\uE002"
            ]
        },
        {
            "type":"bitmap",
            "file":"minecraft:custom/char_hp_segment_reserved.png",
            "ascent":7,
            "height":32,
            "chars":[
                "\uE003"
            ]
        },
        {
            "type":"bitmap",
            "file":"minecraft:custom/char_es_segment_remaining.png",
            "ascent":7,
            "height":32,
            "chars":[
                "\uE004"
            ]
        },
        {
            "type":"bitmap",
            "file":"minecraft:custom/char_es_segment_missing.png",
            "ascent":7,
            "height":32,
            "chars":[
                "\uE005"
            ]
        },
        {
            "type":"bitmap",
            "file":"minecraft:custom/char_es_segment_reserved.png",
            "ascent":7,
            "height":32,
            "chars":[
                "\uE006"
            ]
        },
        {
            "type":"bitmap",
            "file":"minecraft:custom/char_mp_segment_remaining.png",
            "ascent":7,
            "height":32,
            "chars":[
                "\uE007"
            ]
        },
        {
            "type":"bitmap",
            "file":"minecraft:custom/char_mp_segment_missing.png",
            "ascent":7,
            "height":32,
            "chars":[
                "\uE008"
            ]
        },
        {
            "type":"bitmap",
            "file":"minecraft:custom/char_mp_segment_reserved.png",
            "ascent":7,
            "height":32,
            "chars":[
                "\uE009"
            ]
        },
        {
            "type":"bitmap",
            "file":"minecraft:custom/char_main_preceding.png",
            "ascent":7,
            "height":32,
            "chars":[
                "\uE00A"
            ]
        },
        {
            "type":"bitmap",
            "file":"minecraft:custom/char_main_following.png",
            "ascent":7,
            "height":32,
            "chars":[
                "\uE00B"
            ]
        },
        {
            "type":"bitmap",
            "file":"minecraft:custom/char_secondary_preceding.png",
            "ascent":7,
            "height":32,
            "chars":[
                "\uE00C"
            ]
        },
        {
            "type":"bitmap",
            "file":"minecraft:custom/char_secondary_following.png",
            "ascent":7,
            "height":32,
            "chars":[
                "\uE00D"
            ]
        },
        {
            "type":"bitmap",
            "file":"minecraft:custom/char_bridge.png",
            "ascent":7,
            "height":48,
            "chars":[
                "\uE00E"
            ]
        },
        {
            "type":"bitmap",
            "file":"minecraft:custom/char_hp_segment_remaining.png",
            "ascent":25,
            "height":32,
            "chars":[
                "\uE081"
            ]
        },
        {
            "type":"bitmap",
            "file":"minecraft:custom/char_hp_segment_missing.png",
            "ascent":25,
            "height":32,
            "chars":[
                "\uE082"
            ]
        },
        {
            "type":"bitmap",
            "file":"minecraft:custom/char_hp_segment_reserved.png",
            "ascent":25,
            "height":32,
            "chars":[
                "\uE083"
            ]
        },
        {
            "type":"bitmap",
            "file":"minecraft:custom/char_es_segment_remaining.png",
            "ascent":25,
            "height":32,
            "chars":[
                "\uE084"
            ]
        },
        {
            "type":"bitmap",
            "file":"minecraft:custom/char_es_segment_missing.png",
            "ascent":25,
            "height":32,
            "chars":[
                "\uE085"
            ]
        },
        {
            "type":"bitmap",
            "file":"minecraft:custom/char_es_segment_reserved.png",
            "ascent":25,
            "height":32,
            "chars":[
                "\uE086"
            ]
        },
        {
            "type":"bitmap",
            "file":"minecraft:custom/char_mp_segment_remaining.png",
            "ascent":25,
            "height":32,
            "chars":[
                "\uE087"
            ]
        },
        {
            "type":"bitmap",
            "file":"minecraft:custom/char_mp_segment_missing.png",
            "ascent":25,
            "height":32,
            "chars":[
                "\uE088"
            ]
        },
        {
            "type":"bitmap",
            "file":"minecraft:custom/char_mp_segment_reserved.png",
            "ascent":25,
            "height":32,
            "chars":[
                "\uE089"
            ]
        },
        {
            "type":"bitmap",
            "file":"minecraft:custom/char_main_preceding.png",
            "ascent":25,
            "height":32,
            "chars":[
                "\uE08A"
            ]
        },
        {
            "type":"bitmap",
            "file":"minecraft:custom/char_main_following.png",
            "ascent":25,
            "height":32,
            "chars":[
                "\uE08B"
            ]
        },
        {
            "type":"bitmap",
            "file":"minecraft:custom/char_secondary_preceding.png",
            "ascent":25,
            "height":32,
            "chars":[
                "\uE08C"
            ]
        },
        {
            "type":"bitmap",
            "file":"minecraft:custom/char_secondary_following.png",
            "ascent":25,
            "height":32,
            "chars":[
                "\uE08D"
            ]
        },
        {
            "type":"bitmap",
            "file":"minecraft:custom/char_self_overlay_left.png",
            "ascent":6,
            "height":48,
            "chars":[
                "\uE08F"
            ]
        },
        {
            "type":"bitmap",
            "file":"minecraft:custom/char_self_overlay_right.png",
            "ascent":6,
            "height":48,
            "chars":[
                "\uE090"
            ]
        },
        {
            "type":"bitmap",
            "file":"minecraft:custom/status_aura.png",
            "ascent":10,
            "height":16,
            "chars":[
                "\uea01"
            ]
        },
        {
            "type":"bitmap",
            "file":"minecraft:custom/status_buff.png",
            "ascent":10,
            "height":16,
            "chars":[
                "\uea02"
            ]
        },
        {
            "type":"bitmap",
            "file":"minecraft:custom/status_charge.png",
            "ascent":10,
            "height":16,
            "chars":[
                "\uea03"
            ]
        },
        {
            "type":"bitmap",
            "file":"minecraft:custom/status_curse.png",
            "ascent":10,
            "height":16,
            "chars":[
                "\uea03"
            ]
        },
        {
            "type":"bitmap",
            "file":"minecraft:custom/status_debuff.png",
            "ascent":10,
            "height":16,
            "chars":[
                "\uea04"
            ]
        },
        {
            "type":"bitmap",
            "file":"minecraft:custom/status_enchant.png",
            "ascent":10,
            "height":16,
            "chars":[
                "\uea05"
            ]
        },
        {
            "type":"bitmap",
            "file":"minecraft:custom/status_presence.png",
            "ascent":10,
            "height":16,
            "chars":[
                "\uea06"
            ]
        },
        {
            "type":"bitmap",
            "file":"minecraft:custom/status_resistance_down.png",
            "ascent":10,
            "height":16,
            "chars":[
                "\uea07"
            ]
        },
        {
            "type":"bitmap",
            "file":"minecraft:custom/status_resistance_up.png",
            "ascent":10,
            "height":16,
            "chars":[
                "\uea08"
            ]
        },
        {
            "type":"bitmap",
            "file":"minecraft:custom/status_veil.png",
            "ascent":10,
            "height":16,
            "chars":[
                "\uea09"
            ]
        },
        {
            "type":"bitmap",
            "file":"minecraft:custom/status_fallback.png",
            "ascent":10,
            "height":16,
            "chars":[
                "\uea0a"
            ]
        },
        {
            "type":"bitmap",
            "file":"minecraft:custom/status_duration.png",
            "ascent":10,
            "height":16,
            "chars":[
                "\ueb00\ueb01\ueb02\ueb03\ueb04\ueb05\ueb06\ueb07\ueb08\ueb09\ueb0a\ueb0b\ueb0c\ueb0d\ueb0e\ueb0f",
                "\ueb10\ueb11\ueb12\ueb13\ueb14\ueb15\ueb16\ueb17\ueb18\ueb19\ueb1a\ueb1b\ueb1c\ueb1d\ueb1e\ueb1f"
            ]
        },
        {
            "type":"bitmap",
            "file":"minecraft:custom/status_consumable.png",
            "ascent":10,
            "height":16,
            "chars":[
                "\ueb20\ueb21\ueb22\ueb23\ueb24\ueb25\ueb26\ueb27\ueb28\ueb29\ueb2a\ueb2b\ueb2c\ueb2d\ueb2e\ueb2f",
                "\ueb30\ueb31\ueb32\ueb33\ueb34\ueb35\ueb36\ueb37\ueb38\ueb39\ueb3a\ueb3b\ueb3c\ueb3d\ueb3e\ueb3f"
            ]
        },
        {
            "type":"bitmap",
            "file":"minecraft:custom/castbar_progress.png",
            "ascent":0,
            "height":16,
            "chars":[
                "\ueb40\ueb41\ueb42\ueb43\ueb44\ueb45\ueb46\ueb47\ueb48\ueb49\ueb4a\ueb4b\ueb4c\ueb4d\ueb4e\ueb4f",
                "\ueb50\ueb51\ueb52\ueb53\ueb54\ueb55\ueb56\ueb57\ueb58\ueb59\ueb5a\ueb5b\ueb5c\ueb5d\ueb5e\ueb5f"
            ]
        },
        {
            "type":"bitmap",
            "file":"minecraft:custom/char_bridge_soul_bauble.png",
            "ascent":14,
            "height":48,
            "chars":[
                "\ueb60\ueb61\ueb62\ueb63\ueb64",
                "\ueb65\ueb66\ueb67\ueb68\ueb69",
                "\ueb6a\ueb6b\ueb6c\ueb6d\ueb6e",
                "\ueb6f\ueb70\ueb71\ueb72\ueb73",
                "\ueb74\ueb75\ueb76\ueb77\ueb78",
                "\ueb79\ueb7a\ueb7b\ueb7c\ueb7d"
            ]
        },
        {
            "type":"bitmap",
            "file":"minecraft:custom/ascii_down.png",
            "ascent":0,
            "height":9,
            "chars":[
                "\uef00\uef01\uef02\uef03\uef04\uef05\uef06\uef07\uef08\uef09\uef0a\uef0b\uef0c\uef0d\uef0e\uef0f",
                "\uef10\uef11\uef12\uef13\uef14\uef15\uef16\uef17\uef18\uef19\uef1a\uef1b\uef1c\uef1d\uef1e\uef1f",
                "\uef20\uef21\uef22\uef23\uef24\uef25\uef26\uef27\uef28\uef29\uef2a\uef2b\uef2c\uef2d\uef2e\uef2f",
                "\uef30\uef31\uef32\uef33\uef34\uef35\uef36\uef37\uef38\uef39\uef3a\uef3b\uef3c\uef3d\uef3e\uef3f",
                "\uef40\uef41\uef42\uef43\uef44\uef45\uef46\uef47\uef48\uef49\uef4a\uef4b\uef4c\uef4d\uef4e\uef4f",
                "\uef50\uef51\uef52\uef53\uef54\uef55\uef56\uef57\uef58\uef59\uef5a\uef5b\uef5c\uef5d\uef5e\uef5f",
                "\uef60\uef61\uef62\uef63\uef64\uef65\uef66\uef67\uef68\uef69\uef6a\uef6b\uef6c\uef6d\uef6e\uef6f",
                "\uef70\uef71\uef72\uef73\uef74\uef75\uef76\uef77\uef78\uef79\uef7a\uef7b\uef7c\uef7d\uef7e\uef7f",
                "\uef80\uef81\uef82\uef83\uef84\uef85\uef86\uef87\uef88\uef89\uef8a\uef8b\uef8c\uef8d\uef8e\uef8f",
                "\uef90\uef91\uef92\uef93\uef94\uef95\uef96\uef97\uef98\uef99\uef9a\uef9b\uef9c\uef9d\uef9e\uef9f",
                "\uefa0\uefa1\uefa2\uefa3\uefa4\uefa5\uefa6\uefa7\uefa8\uefa9\uefaa\uefab\uefac\uefad\uefae\uefaf",
                "\uefb0\uefb1\uefb2\uefb3\uefb4\uefb5\uefb6\uefb7\uefb8\uefb9\uefba\uefbb\uefbc\uefbd\uefbe\uefbf",
                "\uefc0\uefc1\uefc2\uefc3\uefc4\uefc5\uefc6\uefc7\uefc8\uefc9\uefca\uefcb\uefcc\uefcd\uefce\uefcf",
                "\uefd0\uefd1\uefd2\uefd3\uefd4\uefd5\uefd6\uefd7\uefd8\uefd9\uefda\uefdb\uefdc\uefdd\uefde\uefdf",
                "\uefe0\uefe1\uefe2\uefe3\uefe4\uefe5\uefe6\uefe7\uefe8\uefe9\uefea\uefeb\uefec\uefed\uefee\uefef",
                "\ueff0\ueff1\ueff2\ueff3\ueff4\ueff5\ueff6\ueff7\ueff8\ueff9\ueffa\ueffb\ueffc\ueffd\ueffe\uefff"
            ]
        },
        {
            "type":"bitmap",
            "file":"minecraft:custom/ascii_down_2.png",
            "ascent":9,
            "height":9,
            "chars":[
                "\u2f00\u2f01\u2f02\u2f03\u2f04\u2f05\u2f06\u2f07\u2f08\u2f09\u2f0a\u2f0b\u2f0c\u2f0d\u2f0e\u2f0f",
                "\u2f10\u2f11\u2f12\u2f13\u2f14\u2f15\u2f16\u2f17\u2f18\u2f19\u2f1a\u2f1b\u2f1c\u2f1d\u2f1e\u2f1f",
                "\u2f20\u2f21\u2f22\u2f23\u2f24\u2f25\u2f26\u2f27\u2f28\u2f29\u2f2a\u2f2b\u2f2c\u2f2d\u2f2e\u2f2f",
                "\u2f30\u2f31\u2f32\u2f33\u2f34\u2f35\u2f36\u2f37\u2f38\u2f39\u2f3a\u2f3b\u2f3c\u2f3d\u2f3e\u2f3f",
                "\u2f40\u2f41\u2f42\u2f43\u2f44\u2f45\u2f46\u2f47\u2f48\u2f49\u2f4a\u2f4b\u2f4c\u2f4d\u2f4e\u2f4f",
                "\u2f50\u2f51\u2f52\u2f53\u2f54\u2f55\u2f56\u2f57\u2f58\u2f59\u2f5a\u2f5b\u2f5c\u2f5d\u2f5e\u2f5f",
                "\u2f60\u2f61\u2f62\u2f63\u2f64\u2f65\u2f66\u2f67\u2f68\u2f69\u2f6a\u2f6b\u2f6c\u2f6d\u2f6e\u2f6f",
                "\u2f70\u2f71\u2f72\u2f73\u2f74\u2f75\u2f76\u2f77\u2f78\u2f79\u2f7a\u2f7b\u2f7c\u2f7d\u2f7e\u2f7f",
                "\u2f80\u2f81\u2f82\u2f83\u2f84\u2f85\u2f86\u2f87\u2f88\u2f89\u2f8a\u2f8b\u2f8c\u2f8d\u2f8e\u2f8f",
                "\u2f90\u2f91\u2f92\u2f93\u2f94\u2f95\u2f96\u2f97\u2f98\u2f99\u2f9a\u2f9b\u2f9c\u2f9d\u2f9e\u2f9f",
                "\u2fa0\u2fa1\u2fa2\u2fa3\u2fa4\u2fa5\u2fa6\u2fa7\u2fa8\u2fa9\u2faa\u2fab\u2fac\u2fad\u2fae\u2faf",
                "\u2fb0\u2fb1\u2fb2\u2fb3\u2fb4\u2fb5\u2fb6\u2fb7\u2fb8\u2fb9\u2fba\u2fbb\u2fbc\u2fbd\u2fbe\u2fbf",
                "\u2fc0\u2fc1\u2fc2\u2fc3\u2fc4\u2fc5\u2fc6\u2fc7\u2fc8\u2fc9\u2fca\u2fcb\u2fcc\u2fcd\u2fce\u2fcf",
                "\u2fd0\u2fd1\u2fd2\u2fd3\u2fd4\u2fd5\u2fd6\u2fd7\u2fd8\u2fd9\u2fda\u2fdb\u2fdc\u2fdd\u2fde\u2fdf",
                "\u2fe0\u2fe1\u2fe2\u2fe3\u2fe4\u2fe5\u2fe6\u2fe7\u2fe8\u2fe9\u2fea\u2feb\u2fec\u2fed\u2fee\u2fef",
                "\u2ff0\u2ff1\u2ff2\u2ff3\u2ff4\u2ff5\u2ff6\u2ff7\u2ff8\u2ff9\u2ffa\u2ffb\u2ffc\u2ffd\u2ffe\u2fff"
            ]
        },
        {
            "type":"bitmap",
            "file":"negative_space:font/pixel.png",
            "ascent":-32768,
            "height":-3,
            "chars":[
                "\uF801"
            ]
        },
        {
            "type":"bitmap",
            "file":"negative_space:font/pixel.png",
            "ascent":-32768,
            "height":-4,
            "chars":[
                "\uF802"
            ]
        },
        {
            "type":"bitmap",
            "file":"negative_space:font/pixel.png",
            "ascent":-32768,
            "height":-5,
            "chars":[
                "\uF803"
            ]
        },
        {
            "type":"bitmap",
            "file":"negative_space:font/pixel.png",
            "ascent":-32768,
            "height":-6,
            "chars":[
                "\uF804"
            ]
        },
        {
            "type":"bitmap",
            "file":"negative_space:font/pixel.png",
            "ascent":-32768,
            "height":-7,
            "chars":[
                "\uF805"
            ]
        },
        {
            "type":"bitmap",
            "file":"negative_space:font/pixel.png",
            "ascent":-32768,
            "height":-8,
            "chars":[
                "\uF806"
            ]
        },
        {
            "type":"bitmap",
            "file":"negative_space:font/pixel.png",
            "ascent":-32768,
            "height":-9,
            "chars":[
                "\uF807"
            ]
        },
        {
            "type":"bitmap",
            "file":"negative_space:font/pixel.png",
            "ascent":-32768,
            "height":-10,
            "chars":[
                "\uF808"
            ]
        },
        {
            "type":"bitmap",
            "file":"negative_space:font/pixel.png",
            "ascent":-32768,
            "height":-18,
            "chars":[
                "\uF809"
            ]
        },
        {
            "type":"bitmap",
            "file":"negative_space:font/pixel.png",
            "ascent":-32768,
            "height":-34,
            "chars":[
                "\uF80A"
            ]
        },
        {
            "type":"bitmap",
            "file":"negative_space:font/pixel.png",
            "ascent":-32768,
            "height":-66,
            "chars":[
                "\uF80B"
            ]
        },
        {
            "type":"bitmap",
            "file":"negative_space:font/pixel.png",
            "ascent":-32768,
            "height":-130,
            "chars":[
                "\uF80C"
            ]
        },
        {
            "type":"bitmap",
            "file":"negative_space:font/pixel.png",
            "ascent":-32768,
            "height":-258,
            "chars":[
                "\uF80D"
            ]
        },
        {
            "type":"bitmap",
            "file":"negative_space:font/pixel.png",
            "ascent":-32768,
            "height":-514,
            "chars":[
                "\uF80E"
            ]
        },
        {
            "type":"bitmap",
            "file":"negative_space:font/pixel.png",
            "ascent":-32768,
            "height":-1026,
            "chars":[
                "\uF80F"
            ]
        },
        {
            "type":"bitmap",
            "file":"negative_space:font/pixel.png",
            "ascent":-32768,
            "height":0,
            "chars":[
                "\uF821"
            ]
        },
        {
            "type":"bitmap",
            "file":"negative_space:font/pixel.png",
            "ascent":-32768,
            "height":1,
            "chars":[
                "\uF822"
            ]
        },
        {
            "type":"bitmap",
            "file":"negative_space:font/pixel.png",
            "ascent":-32768,
            "height":2,
            "chars":[
                "\uF823"
            ]
        },
        {
            "type":"bitmap",
            "file":"negative_space:font/pixel.png",
            "ascent":-32768,
            "height":3,
            "chars":[
                "\uF824"
            ]
        },
        {
            "type":"bitmap",
            "file":"negative_space:font/pixel.png",
            "ascent":-32768,
            "height":4,
            "chars":[
                "\uF825"
            ]
        },
        {
            "type":"bitmap",
            "file":"negative_space:font/pixel.png",
            "ascent":-32768,
            "height":5,
            "chars":[
                "\uF826"
            ]
        },
        {
            "type":"bitmap",
            "file":"negative_space:font/pixel.png",
            "ascent":-32768,
            "height":6,
            "chars":[
                "\uF827"
            ]
        },
        {
            "type":"bitmap",
            "file":"negative_space:font/pixel.png",
            "ascent":-32768,
            "height":7,
            "chars":[
                "\uF828"
            ]
        },
        {
            "type":"bitmap",
            "file":"negative_space:font/pixel.png",
            "ascent":-32768,
            "height":15,
            "chars":[
                "\uF829"
            ]
        },
        {
            "type":"bitmap",
            "file":"negative_space:font/pixel.png",
            "ascent":-32768,
            "height":31,
            "chars":[
                "\uF82A"
            ]
        },
        {
            "type":"bitmap",
            "file":"negative_space:font/pixel.png",
            "ascent":-32768,
            "height":63,
            "chars":[
                "\uF82B"
            ]
        },
        {
            "type":"bitmap",
            "file":"negative_space:font/pixel.png",
            "ascent":-32768,
            "height":127,
            "chars":[
                "\uF82C"
            ]
        },
        {
            "type":"bitmap",
            "file":"negative_space:font/pixel.png",
            "ascent":-32768,
            "height":255,
            "chars":[
                "\uF82D"
            ]
        },
        {
            "type":"bitmap",
            "file":"negative_space:font/pixel.png",
            "ascent":-32768,
            "height":511,
            "chars":[
                "\uF82E"
            ]
        },
        {
            "type":"bitmap",
            "file":"negative_space:font/pixel.png",
            "ascent":-32768,
            "height":1023,
            "chars":[
                "\uF82F"
            ]
        },
        {
            "type":"bitmap",
            "file":"negative_space:font/pixel.png",
            "ascent":-32770,
            "height":-32770,
            "chars":[
                "\uF800"
            ]
        },
        {
            "type":"bitmap",
            "file":"negative_space:font/pixel.png",
            "ascent":-32768,
            "height":32767,
            "chars":[
                "\uF820"
            ]
        }
    ]
}