{
	"credit": "Made with Blockbench",
	"texture_size": [64, 64],
	"textures": {
		"0": "custom/diamond_hoe_1000"
	},
	"elements": [
		{
			"name": "part12",
			"from": [4, 6, 0],
			"to": [4, 14, 8],
			"rotation": {"angle": -45, "axis": "y", "origin": [4, 6, 4]},
			"faces": {
				"west": {"uv": [0, 0, 16, 16], "texture": "#0"}
			}
		},
		{
			"name": "part11",
			"from": [8, 6, 4],
			"to": [16, 14, 4],
			"rotation": {"angle": -45, "axis": "y", "origin": [12, 6, 4]},
			"faces": {
				"north": {"uv": [0, 0, 16, 16], "texture": "#0"}
			}
		},
		{
			"name": "part10",
			"from": [8, 6, 12],
			"to": [16, 14, 12],
			"rotation": {"angle": 45, "axis": "y", "origin": [12, 6, 12]},
			"faces": {
				"south": {"uv": [0, 0, 16, 16], "texture": "#0"}
			}
		},
		{
			"name": "part9",
			"from": [0, 6, 12],
			"to": [8, 14, 12],
			"rotation": {"angle": -45, "axis": "y", "origin": [4, 6, 12]},
			"faces": {
				"south": {"uv": [0, 0, 16, 16], "texture": "#0"}
			}
		},
		{
			"name": "part8",
			"from": [11, 9, 4],
			"to": [11, 17, 12],
			"rotation": {"angle": 22.5, "axis": "z", "origin": [11, 9, 8]},
			"faces": {
				"east": {"uv": [0, 0, 16, 16], "texture": "#0"}
			}
		},
		{
			"name": "part7",
			"from": [5, 9, 4],
			"to": [5, 17, 12],
			"rotation": {"angle": -22.5, "axis": "z", "origin": [5, 9, 8]},
			"faces": {
				"west": {"uv": [0, 0, 16, 16], "texture": "#0"}
			}
		},
		{
			"name": "part6",
			"from": [4, 6, 4],
			"to": [4, 14, 12],
			"rotation": {"angle": 22.5, "axis": "z", "origin": [4, 6, 8]},
			"faces": {
				"west": {"uv": [0, 0, 16, 16], "texture": "#0"}
			}
		},
		{
			"name": "part5",
			"from": [12, 6, 4],
			"to": [12, 14, 12],
			"rotation": {"angle": -22.5, "axis": "z", "origin": [12, 6, 8]},
			"faces": {
				"east": {"uv": [0, 0, 16, 16], "texture": "#0"}
			}
		},
		{
			"name": "part4",
			"from": [4, 9, 11],
			"to": [12, 17, 11],
			"rotation": {"angle": -22.5, "axis": "x", "origin": [8, 9, 11]},
			"faces": {
				"south": {"uv": [0, 0, 16, 16], "texture": "#0"}
			}
		},
		{
			"name": "part3",
			"from": [4, 9, 5],
			"to": [12, 17, 5],
			"rotation": {"angle": 22.5, "axis": "x", "origin": [8, 9, 5]},
			"faces": {
				"north": {"uv": [0, 0, 16, 16], "texture": "#0"}
			}
		},
		{
			"name": "part2",
			"from": [4, 6, 4],
			"to": [12, 14, 4],
			"rotation": {"angle": -22.5, "axis": "x", "origin": [8, 6, 4]},
			"faces": {
				"north": {"uv": [0, 0, 16, 16], "texture": "#0"}
			}
		},
		{
			"name": "part1",
			"from": [4, 6, 12],
			"to": [12, 14, 12],
			"rotation": {"angle": 22.5, "axis": "x", "origin": [8, 6, 12]},
			"faces": {
				"south": {"uv": [0, 0, 16, 16], "texture": "#0"}
			}
		},
		{
			"name": "bottom1",
			"from": [4, 6, 12],
			"to": [12, -2, 12],
			"rotation": {"angle": 22.5, "axis": "x", "origin": [8, 6, 12]},
			"faces": {
				"north": {"uv": [0, 0, 16, 16], "texture": "#0"}
			}
		},
		{
			"name": "bottom2",
			"from": [4, 6, 4],
			"to": [12, -2, 4],
			"rotation": {"angle": -22.5, "axis": "x", "origin": [8, 6, 4]},
			"faces": {
				"south": {"uv": [0, 0, 16, 16], "texture": "#0"}
			}
		},
		{
			"name": "bottom3",
			"from": [4, 9, 5],
			"to": [12, 1, 5],
			"rotation": {"angle": 22.5, "axis": "x", "origin": [8, 9, 5]},
			"faces": {
				"south": {"uv": [0, 0, 16, 16], "texture": "#0"}
			}
		},
		{
			"name": "bottom4",
			"from": [4, 9, 11],
			"to": [12, 1, 11],
			"rotation": {"angle": -22.5, "axis": "x", "origin": [8, 9, 11]},
			"faces": {
				"north": {"uv": [0, 0, 16, 16], "texture": "#0"}
			}
		},
		{
			"name": "bottom5",
			"from": [12, 6, 4],
			"to": [12, -2, 12],
			"rotation": {"angle": -22.5, "axis": "z", "origin": [12, 6, 8]},
			"faces": {
				"west": {"uv": [0, 0, 16, 16], "texture": "#0"}
			}
		},
		{
			"name": "bottom6",
			"from": [4, 6, 4],
			"to": [4, -2, 12],
			"rotation": {"angle": 22.5, "axis": "z", "origin": [4, 6, 8]},
			"faces": {
				"east": {"uv": [0, 0, 16, 16], "texture": "#0"}
			}
		},
		{
			"name": "bottom7",
			"from": [5, 9, 4],
			"to": [5, 1, 12],
			"rotation": {"angle": -22.5, "axis": "z", "origin": [5, 9, 8]},
			"faces": {
				"east": {"uv": [0, 0, 16, 16], "texture": "#0"}
			}
		},
		{
			"name": "bottom8",
			"from": [11, 9, 4],
			"to": [11, 1, 12],
			"rotation": {"angle": 22.5, "axis": "z", "origin": [11, 9, 8]},
			"faces": {
				"west": {"uv": [0, 0, 16, 16], "texture": "#0"}
			}
		},
		{
			"name": "bottom9",
			"from": [0, 6, 12],
			"to": [8, -2, 12],
			"rotation": {"angle": -45, "axis": "y", "origin": [4, 6, 12]},
			"faces": {
				"north": {"uv": [0, 0, 16, 16], "texture": "#0"}
			}
		},
		{
			"name": "bottom10",
			"from": [8, 6, 12],
			"to": [16, -2, 12],
			"rotation": {"angle": 45, "axis": "y", "origin": [12, 6, 12]},
			"faces": {
				"north": {"uv": [0, 0, 16, 16], "texture": "#0"}
			}
		},
		{
			"name": "bottom11",
			"from": [8, 6, 4],
			"to": [16, -2, 4],
			"rotation": {"angle": -45, "axis": "y", "origin": [12, 6, 4]},
			"faces": {
				"south": {"uv": [0, 0, 16, 16], "texture": "#0"}
			}
		},
		{
			"name": "bottom12",
			"from": [4, 6, 0],
			"to": [4, -2, 8],
			"rotation": {"angle": -45, "axis": "y", "origin": [4, 6, 4]},
			"faces": {
				"east": {"uv": [0, 0, 16, 16], "texture": "#0"}
			}
		}
	],
	"display": {
		"thirdperson_righthand": {
			"scale": [2, 2, 2]
		},
		"thirdperson_lefthand": {
			"scale": [2, 2, 2]
		},
		"firstperson_righthand": {
			"scale": [2, 2, 2]
		},
		"firstperson_lefthand": {
			"scale": [2, 2, 2]
		},
		"ground": {
			"scale": [2, 2, 2]
		},
		"gui": {
			"scale": [2, 2, 2]
		},
		"head": {
			"scale": [2, 2, 2]
		},
		"fixed": {
			"scale": [2, 2, 2]
		}
	}
}