{
	"credit": "Made with Blockbench",
	"textures": {
		"0": "custom/diamond_hoe_65_overlay1",
		"1": "custom/diamond_hoe_65"
	},
    "display": {
		"thirdperson_righthand": {
			"translation": [0, -5, 0]
		},
		"thirdperson_lefthand": {
			"translation": [0, -5, 0]
		},
		"firstperson_righthand": {
			"translation": [0, -8, 0]
		},
		"firstperson_lefthand": {
			"translation": [0, -8, 0]
		},
		"ground": {
			"rotation": [90, 0, 0]
		},
		"gui": {
			"rotation": [0, 45, 45],
			"translation": [4, -4, 0],
			"scale": [0.8, 0.8, 0.8]
		}
    },
	"elements": [
		{
			"name": "staffbody1",
			"from": [7.5, 0, 7.5],
			"to": [8.5, 23, 8.5],
			"rotation": {"angle": 0, "axis": "y", "origin": [8, 7, 8]},
			"faces": {
				"north": {"uv": [0.25, 3.75, 0.5, 9.5], "texture": "#1"},
				"east": {"uv": [0, 3.75, 0.25, 9.5], "texture": "#1"},
				"south": {"uv": [0.75, 3.75, 1, 9.5], "texture": "#1"},
				"west": {"uv": [0.5, 3.75, 0.75, 9.5], "texture": "#1"},
				"up": {"uv": [0.5, 3.75, 0.25, 3.5], "texture": "#1"},
				"down": {"uv": [0.75, 3.5, 0.5, 3.75], "texture": "#1"}
			}
		},
		{
			"name": "staffbody2",
			"from": [7.5, 0, 7.5],
			"to": [8.5, 23, 8.5],
			"rotation": {"angle": 45, "axis": "y", "origin": [8, 7, 8]},
			"faces": {
				"north": {"uv": [1.25, 3.75, 1.5, 9.5], "texture": "#1"},
				"east": {"uv": [1, 3.75, 1.25, 9.5], "texture": "#1"},
				"south": {"uv": [1.75, 3.75, 2, 9.5], "texture": "#1"},
				"west": {"uv": [1.5, 3.75, 1.75, 9.5], "texture": "#1"},
				"up": {"uv": [1.5, 3.75, 1.25, 3.5], "texture": "#1"},
				"down": {"uv": [1.75, 3.5, 1.5, 3.75], "texture": "#1"}
			}
		},
		{
			"name": "PlatTop",
			"from": [5, 30, 5],
			"to": [11, 31, 11],
			"rotation": {"angle": 0, "axis": "y", "origin": [8, 7, 8]},
			"faces": {
				"north": {"uv": [1.5, 3.25, 3, 3.5], "texture": "#1"},
				"east": {"uv": [0, 3.25, 1.5, 3.5], "texture": "#1"},
				"south": {"uv": [4.5, 3.25, 6, 3.5], "texture": "#1"},
				"west": {"uv": [3, 3.25, 4.5, 3.5], "texture": "#1"},
				"up": {"uv": [3, 3.25, 1.5, 1.75], "texture": "#1"},
				"down": {"uv": [4.5, 1.75, 3, 3.25], "texture": "#1"}
			}
		},
		{
			"name": "PlatTop",
			"from": [6, 31, 6],
			"to": [10, 32, 10],
			"rotation": {"angle": 0, "axis": "y", "origin": [8, 7, 8]},
			"faces": {
				"north": {"uv": [5.5, 1, 6.5, 1.25], "texture": "#1"},
				"east": {"uv": [4.5, 1, 5.5, 1.25], "texture": "#1"},
				"south": {"uv": [7.5, 1, 8.5, 1.25], "texture": "#1"},
				"west": {"uv": [6.5, 1, 7.5, 1.25], "texture": "#1"},
				"up": {"uv": [6.5, 1, 5.5, 0], "texture": "#1"},
				"down": {"uv": [7.5, 0, 6.5, 1], "texture": "#1"}
			}
		},
		{
			"name": "PlatTop",
			"from": [6, 20, 6],
			"to": [10, 21, 10],
			"rotation": {"angle": 45, "axis": "y", "origin": [8, 7, 8]},
			"faces": {
				"north": {"uv": [3, 4.5, 4, 4.75], "texture": "#1"},
				"east": {"uv": [2, 4.5, 3, 4.75], "texture": "#1"},
				"south": {"uv": [5, 4.5, 6, 4.75], "texture": "#1"},
				"west": {"uv": [4, 4.5, 5, 4.75], "texture": "#1"},
				"up": {"uv": [4, 4.5, 3, 3.5], "texture": "#1"},
				"down": {"uv": [5, 3.5, 4, 4.5], "texture": "#1"}
			}
		},
		{
			"name": "midpiece",
			"from": [7, 25, 7],
			"to": [9, 29, 9],
			"rotation": {"angle": 45, "axis": "y", "origin": [8, 7, 8]},
			"faces": {
				"north": {"uv": [2, 7, 4, 11], "texture": "#0"},
				"east": {"uv": [0, 7, 2, 11], "texture": "#0"},
				"south": {"uv": [6, 7, 8, 11], "texture": "#0"},
				"west": {"uv": [4, 7, 6, 11], "texture": "#0"},
				"up": {"uv": [4, 7, 2, 5], "texture": "#0"},
				"down": {"uv": [6, 5, 4, 7], "texture": "#0"}
			}
		},
		{
			"name": "midpiece2",
			"from": [6.25, 26, 6.25],
			"to": [9.75, 28, 9.75],
			"rotation": {"angle": -45, "axis": "y", "origin": [8, 7, 8]},
			"faces": {
				"north": {"uv": [3, 3, 6, 5], "texture": "#0"},
				"east": {"uv": [0, 3, 3, 5], "texture": "#0"},
				"south": {"uv": [9, 3, 12, 5], "texture": "#0"},
				"west": {"uv": [6, 3, 9, 5], "texture": "#0"},
				"up": {"uv": [6, 3, 3, 0], "texture": "#0"},
				"down": {"uv": [9, 0, 6, 3], "texture": "#0"}
			}
		},
		{
			"name": "sidepiece1",
			"from": [6, 29, 11],
			"to": [10, 30, 12],
			"rotation": {"angle": 0, "axis": "y", "origin": [8, 7, 8]},
			"faces": {
				"north": {"uv": [6.25, 1.5, 7.25, 1.75], "texture": "#1"},
				"east": {"uv": [6, 1.5, 6.25, 1.75], "texture": "#1"},
				"south": {"uv": [7.5, 1.5, 8.5, 1.75], "texture": "#1"},
				"west": {"uv": [7.25, 1.5, 7.5, 1.75], "texture": "#1"},
				"up": {"uv": [7.25, 1.5, 6.25, 1.25], "texture": "#1"},
				"down": {"uv": [8.25, 1.25, 7.25, 1.5], "texture": "#1"}
			}
		},
		{
			"name": "sidepiece5",
			"from": [6, 24, 11],
			"to": [10, 25, 12],
			"rotation": {"angle": 0, "axis": "y", "origin": [8, 7, 8]},
			"faces": {
				"north": {"uv": [4.75, 6.25, 5.75, 6.5], "texture": "#1"},
				"east": {"uv": [4.5, 6.25, 4.75, 6.5], "texture": "#1"},
				"south": {"uv": [6, 6.25, 7, 6.5], "texture": "#1"},
				"west": {"uv": [5.75, 6.25, 6, 6.5], "texture": "#1"},
				"up": {"uv": [5.75, 6.25, 4.75, 6], "texture": "#1"},
				"down": {"uv": [6.75, 6, 5.75, 6.25], "texture": "#1"}
			}
		},
		{
			"name": "sidepiece2",
			"from": [6, 29, 4],
			"to": [10, 30, 5],
			"rotation": {"angle": 0, "axis": "y", "origin": [8, 7, 8]},
			"faces": {
				"north": {"uv": [2.25, 6.25, 3.25, 6.5], "texture": "#1"},
				"east": {"uv": [2, 6.25, 2.25, 6.5], "texture": "#1"},
				"south": {"uv": [3.5, 6.25, 4.5, 6.5], "texture": "#1"},
				"west": {"uv": [3.25, 6.25, 3.5, 6.5], "texture": "#1"},
				"up": {"uv": [3.25, 6.25, 2.25, 6], "texture": "#1"},
				"down": {"uv": [4.25, 6, 3.25, 6.25], "texture": "#1"}
			}
		},
		{
			"name": "sidepiece6",
			"from": [6, 24, 4],
			"to": [10, 25, 5],
			"rotation": {"angle": 0, "axis": "y", "origin": [8, 7, 8]},
			"faces": {
				"north": {"uv": [6.25, 2, 7.25, 2.25], "texture": "#1"},
				"east": {"uv": [6, 2, 6.25, 2.25], "texture": "#1"},
				"south": {"uv": [7.5, 2, 8.5, 2.25], "texture": "#1"},
				"west": {"uv": [7.25, 2, 7.5, 2.25], "texture": "#1"},
				"up": {"uv": [7.25, 2, 6.25, 1.75], "texture": "#1"},
				"down": {"uv": [8.25, 1.75, 7.25, 2], "texture": "#1"}
			}
		},
		{
			"name": "sidepiece3",
			"from": [11, 29, 6],
			"to": [12, 30, 10],
			"rotation": {"angle": 0, "axis": "y", "origin": [8, 7, 8]},
			"faces": {
				"north": {"uv": [6, 4, 6.25, 4.25], "texture": "#1"},
				"east": {"uv": [5, 4, 6, 4.25], "texture": "#1"},
				"south": {"uv": [7.25, 4, 7.5, 4.25], "texture": "#1"},
				"west": {"uv": [6.25, 4, 7.25, 4.25], "texture": "#1"},
				"up": {"uv": [6.25, 4, 6, 3], "texture": "#1"},
				"down": {"uv": [6.5, 3, 6.25, 4], "texture": "#1"}
			}
		},
		{
			"name": "sidepiece7",
			"from": [11, 24, 6],
			"to": [12, 25, 10],
			"rotation": {"angle": 0, "axis": "y", "origin": [8, 7, 8]},
			"faces": {
				"north": {"uv": [5.5, 5.75, 5.75, 6], "texture": "#1"},
				"east": {"uv": [4.5, 5.75, 5.5, 6], "texture": "#1"},
				"south": {"uv": [6.75, 5.75, 7, 6], "texture": "#1"},
				"west": {"uv": [5.75, 5.75, 6.75, 6], "texture": "#1"},
				"up": {"uv": [5.75, 5.75, 5.5, 4.75], "texture": "#1"},
				"down": {"uv": [6, 4.75, 5.75, 5.75], "texture": "#1"}
			}
		},
		{
			"name": "sidepiece4",
			"from": [4, 29, 6],
			"to": [5, 30, 10],
			"rotation": {"angle": 0, "axis": "y", "origin": [8, 7, 8]},
			"faces": {
				"north": {"uv": [3, 5.75, 3.25, 6], "texture": "#1"},
				"east": {"uv": [2, 5.75, 3, 6], "texture": "#1"},
				"south": {"uv": [4.25, 5.75, 4.5, 6], "texture": "#1"},
				"west": {"uv": [3.25, 5.75, 4.25, 6], "texture": "#1"},
				"up": {"uv": [3.25, 5.75, 3, 4.75], "texture": "#1"},
				"down": {"uv": [3.5, 4.75, 3.25, 5.75], "texture": "#1"}
			}
		},
		{
			"name": "sidepiece8",
			"from": [4, 24, 6],
			"to": [5, 25, 10],
			"rotation": {"angle": 0, "axis": "y", "origin": [8, 7, 8]},
			"faces": {
				"north": {"uv": [5.5, 2.75, 5.75, 3], "texture": "#1"},
				"east": {"uv": [4.5, 2.75, 5.5, 3], "texture": "#1"},
				"south": {"uv": [6.75, 2.75, 7, 3], "texture": "#1"},
				"west": {"uv": [5.75, 2.75, 6.75, 3], "texture": "#1"},
				"up": {"uv": [5.75, 2.75, 5.5, 1.75], "texture": "#1"},
				"down": {"uv": [6, 1.75, 5.75, 2.75], "texture": "#1"}
			}
		},
		{
			"name": "platBot",
			"from": [5, 23, 5],
			"to": [11, 24, 11],
			"rotation": {"angle": 0, "axis": "y", "origin": [8, 7, 8]},
			"faces": {
				"north": {"uv": [1.5, 1.5, 3, 1.75], "texture": "#1"},
				"east": {"uv": [0, 1.5, 1.5, 1.75], "texture": "#1"},
				"south": {"uv": [4.5, 1.5, 6, 1.75], "texture": "#1"},
				"west": {"uv": [3, 1.5, 4.5, 1.75], "texture": "#1"},
				"up": {"uv": [3, 1.5, 1.5, 0], "texture": "#1"},
				"down": {"uv": [4.5, 0, 3, 1.5], "texture": "#1"}
			}
		},
		{
			"name": "pillar",
			"from": [5, 24, 10],
			"to": [6, 30, 11],
			"rotation": {"angle": 0, "axis": "y", "origin": [8, 7, 8]},
			"faces": {
				"north": {"uv": [3.25, 6.75, 3.5, 8.25], "texture": "#1"},
				"east": {"uv": [3, 6.75, 3.25, 8.25], "texture": "#1"},
				"south": {"uv": [3.75, 6.75, 4, 8.25], "texture": "#1"},
				"west": {"uv": [3.5, 6.75, 3.75, 8.25], "texture": "#1"},
				"up": {"uv": [3.5, 6.75, 3.25, 6.5], "texture": "#1"},
				"down": {"uv": [3.75, 6.5, 3.5, 6.75], "texture": "#1"}
			}
		},
		{
			"name": "pillar2",
			"from": [10, 24, 10],
			"to": [11, 30, 11],
			"rotation": {"angle": 0, "axis": "y", "origin": [8, 7, 8]},
			"faces": {
				"north": {"uv": [4.25, 6.75, 4.5, 8.25], "texture": "#1"},
				"east": {"uv": [4, 6.75, 4.25, 8.25], "texture": "#1"},
				"south": {"uv": [4.75, 6.75, 5, 8.25], "texture": "#1"},
				"west": {"uv": [4.5, 6.75, 4.75, 8.25], "texture": "#1"},
				"up": {"uv": [4.5, 6.75, 4.25, 6.5], "texture": "#1"},
				"down": {"uv": [4.75, 6.5, 4.5, 6.75], "texture": "#1"}
			}
		},
		{
			"name": "pillar1",
			"from": [10, 24, 5],
			"to": [11, 30, 6],
			"rotation": {"angle": 0, "axis": "y", "origin": [8, 7, 8]},
			"faces": {
				"north": {"uv": [2.25, 6.75, 2.5, 8.25], "texture": "#1"},
				"east": {"uv": [2, 6.75, 2.25, 8.25], "texture": "#1"},
				"south": {"uv": [2.75, 6.75, 3, 8.25], "texture": "#1"},
				"west": {"uv": [2.5, 6.75, 2.75, 8.25], "texture": "#1"},
				"up": {"uv": [2.5, 6.75, 2.25, 6.5], "texture": "#1"},
				"down": {"uv": [2.75, 6.5, 2.5, 6.75], "texture": "#1"}
			}
		},
		{
			"name": "pillar3",
			"from": [5, 24, 5],
			"to": [6, 30, 6],
			"rotation": {"angle": 0, "axis": "y", "origin": [8, 7, 8]},
			"faces": {
				"north": {"uv": [5.25, 6.75, 5.5, 8.25], "texture": "#1"},
				"east": {"uv": [5, 6.75, 5.25, 8.25], "texture": "#1"},
				"south": {"uv": [5.75, 6.75, 6, 8.25], "texture": "#1"},
				"west": {"uv": [5.5, 6.75, 5.75, 8.25], "texture": "#1"},
				"up": {"uv": [5.5, 6.75, 5.25, 6.5], "texture": "#1"},
				"down": {"uv": [5.75, 6.5, 5.5, 6.75], "texture": "#1"}
			}
		}
	],
	"groups": [
		{
			"name": "root",
			"origin": [8, 8, 8],
			"children": [0, 1, 2, 3, 4, 5, 6, 7, 8, 9, 10, 11, 12, 13, 14, 15, 16, 17, 18, 19]
		}
	]
}