{
	"credit": "Made with Blockbench",
	"textures": {
		"0": "custom/diamond_hoe_30",
		"1": "custom/diamond_hoe_31"
	},
	"elements": [
		{
			"name": "5",
			"from": [7, 16, 7],
			"to": [9, 17, 9],
			"faces": {
				"north": {"uv": [2, 6, 4, 7], "texture": "#0"},
				"east": {"uv": [0, 6, 2, 7], "texture": "#0"},
				"south": {"uv": [6, 6, 8, 7], "texture": "#0"},
				"west": {"uv": [4, 6, 6, 7], "texture": "#0"},
				"up": {"uv": [4, 6, 2, 4], "texture": "#0"},
				"down": {"uv": [6, 4, 4, 6], "texture": "#0"}
			}
		},
		{
			"name": "6",
			"from": [7, 19, 7],
			"to": [9, 20, 9],
			"faces": {
				"north": {"uv": [2, 3, 4, 4], "texture": "#0"},
				"east": {"uv": [0, 3, 2, 4], "texture": "#0"},
				"south": {"uv": [6, 3, 8, 4], "texture": "#0"},
				"west": {"uv": [4, 3, 6, 4], "texture": "#0"},
				"up": {"uv": [4, 3, 2, 1], "texture": "#0"},
				"down": {"uv": [6, 1, 4, 3], "texture": "#0"}
			}
		},
		{
			"name": "7",
			"from": [9, 17, 7],
			"to": [10, 19, 9],
			"faces": {
				"north": {"uv": [2, 9, 3, 11], "texture": "#0"},
				"east": {"uv": [0, 9, 2, 11], "texture": "#0"},
				"south": {"uv": [5, 9, 6, 11], "texture": "#0"},
				"west": {"uv": [3, 9, 5, 11], "texture": "#0"},
				"up": {"uv": [3, 9, 2, 7], "texture": "#0"},
				"down": {"uv": [4, 7, 3, 9], "texture": "#0"}
			}
		},
		{
			"name": "8",
			"from": [7, 17, 6],
			"to": [9, 19, 7],
			"faces": {
				"north": {"uv": [6, 11, 8, 13], "texture": "#0"},
				"east": {"uv": [5, 11, 6, 13], "texture": "#0"},
				"south": {"uv": [9, 11, 11, 13], "texture": "#0"},
				"west": {"uv": [8, 11, 9, 13], "texture": "#0"},
				"up": {"uv": [8, 11, 6, 10], "texture": "#0"},
				"down": {"uv": [10, 10, 8, 11], "texture": "#0"}
			}
		},
		{
			"name": "9",
			"from": [7, 17, 9],
			"to": [9, 19, 10],
			"faces": {
				"north": {"uv": [7, 8, 9, 10], "texture": "#0"},
				"east": {"uv": [6, 8, 7, 10], "texture": "#0"},
				"south": {"uv": [10, 8, 12, 10], "texture": "#0"},
				"west": {"uv": [9, 8, 10, 10], "texture": "#0"},
				"up": {"uv": [9, 8, 7, 7], "texture": "#0"},
				"down": {"uv": [11, 7, 9, 8], "texture": "#0"}
			}
		},
		{
			"name": "0",
			"from": [6, 17, 7],
			"to": [7, 19, 9],
			"faces": {
				"north": {"uv": [8, 4, 9, 6], "texture": "#0"},
				"east": {"uv": [6, 4, 8, 6], "texture": "#0"},
				"south": {"uv": [11, 4, 12, 6], "texture": "#0"},
				"west": {"uv": [9, 4, 11, 6], "texture": "#0"},
				"up": {"uv": [9, 4, 8, 2], "texture": "#0"},
				"down": {"uv": [10, 2, 9, 4], "texture": "#0"}
			}
		},
		{
			"name": "0",
			"from": [4, 0, 4],
			"to": [12, 1, 12],
			"faces": {
				"north": {"uv": [2, 4.5, 4, 4.75], "texture": "#1"},
				"east": {"uv": [0, 4.5, 2, 4.75], "texture": "#1"},
				"south": {"uv": [6, 4.5, 8, 4.75], "texture": "#1"},
				"west": {"uv": [4, 4.5, 6, 4.75], "texture": "#1"},
				"up": {"uv": [4, 4.5, 2, 2.5], "texture": "#1"},
				"down": {"uv": [6, 2.5, 4, 4.5], "texture": "#1"}
			}
		},
		{
			"name": "1",
			"from": [5.5, 8, 5.5],
			"to": [10.5, 14, 10.5],
			"faces": {
				"north": {"uv": [1.25, 8, 2.5, 9.5], "texture": "#1"},
				"east": {"uv": [0, 8, 1.25, 9.5], "texture": "#1"},
				"south": {"uv": [3.75, 8, 5, 9.5], "texture": "#1"},
				"west": {"uv": [2.5, 8, 3.75, 9.5], "texture": "#1"},
				"up": {"uv": [2.5, 8, 1.25, 6.75], "texture": "#1"},
				"down": {"uv": [3.75, 6.75, 2.5, 8], "texture": "#1"}
			}
		},
		{
			"name": "2",
			"from": [4, 7, 4],
			"to": [12, 8, 12],
			"faces": {
				"north": {"uv": [2, 2.25, 4, 2.5], "texture": "#1"},
				"east": {"uv": [0, 2.25, 2, 2.5], "texture": "#1"},
				"south": {"uv": [6, 2.25, 8, 2.5], "texture": "#1"},
				"west": {"uv": [4, 2.25, 6, 2.5], "texture": "#1"},
				"up": {"uv": [4, 2.25, 2, 0.25], "texture": "#1"},
				"down": {"uv": [6, 0.25, 4, 2.25], "texture": "#1"}
			}
		},
		{
			"name": "3",
			"from": [5, 1, 5],
			"to": [11, 7, 11],
			"faces": {
				"north": {"uv": [7, 6.75, 8.5, 8.25], "texture": "#1"},
				"east": {"uv": [5.5, 6.75, 7, 8.25], "texture": "#1"},
				"south": {"uv": [10, 6.75, 11.5, 8.25], "texture": "#1"},
				"west": {"uv": [8.5, 6.75, 10, 8.25], "texture": "#1"},
				"up": {"uv": [8.5, 6.75, 7, 5.25], "texture": "#1"},
				"down": {"uv": [10, 5.25, 8.5, 6.75], "texture": "#1"}
			}
		},
		{
			"name": "4",
			"from": [4.5, 14, 4.5],
			"to": [11.5, 15, 11.5],
			"faces": {
				"north": {"uv": [1.75, 6.5, 3.5, 6.75], "texture": "#1"},
				"east": {"uv": [0, 6.5, 1.75, 6.75], "texture": "#1"},
				"south": {"uv": [5.25, 6.5, 7, 6.75], "texture": "#1"},
				"west": {"uv": [3.5, 6.5, 5.25, 6.75], "texture": "#1"},
				"up": {"uv": [3.5, 6.5, 1.75, 4.75], "texture": "#1"},
				"down": {"uv": [5.25, 4.75, 3.5, 6.5], "texture": "#1"}
			}
		}
	],
	"display": {
		"ground": {
			"rotation": [90, 0, 0]
		},
		"gui": {
			"rotation": [38, 42, -31],
			"translation": [0.5, 0, 0]
		},
		"head": {
			"translation": [0, -17, 0],
			"scale": [3, 3, 3]
		}
	},
	"groups": [
		{
			"name": "root",
			"origin": [8, 8, 8],
			"children": [
				{
					"name": "head",
					"origin": [8, 8, 8],
					"children": [0, 1, 2, 3, 4, 5]
				},
				{
					"name": "body",
					"origin": [8, 8, 8],
					"children": [6, 7, 8, 9, 10]
				}
			]
		}
	]
}