{
	"credit": "Made with Blockbench",
	"texture_size": [64, 64],
	"textures": {
		"layer0": "custom/leather_leggings_20",
		"layer1": "custom/leather_leggings_20_overlay"
	},
	"elements": [ 
		{
			"from": [1, 0, 6],
			"to": [3, 1, 10],
			"rotation": {"angle": 0, "axis": "y", "origin": [9, 8, 11]},
			"faces": {
				"north": {"uv": [4.75, 7.25, 5.25, 7.5], "texture": "#layer0", "tintindex": 0},
				"east": {"uv": [5.25, 5, 6.25, 5.25], "texture": "#layer0", "tintindex": 0},
				"south": {"uv": [5.25, 7.25, 5.75, 7.5], "texture": "#layer0", "tintindex": 0},
				"west": {"uv": [5.75, 1.25, 6.75, 1.5], "texture": "#layer0", "tintindex": 0},
				"up": {"uv": [0.5, 6.5, 0, 5.5], "texture": "#layer0", "tintindex": 0},
				"down": {"uv": [1, 5.5, 0.5, 6.5], "texture": "#layer0", "tintindex": 0}
			}
		},
		{
			"from": [13, 0, 6],
			"to": [15, 1, 10],
			"rotation": {"angle": 0, "axis": "y", "origin": [22, 8, 11]},
			"faces": {
				"north": {"uv": [5.75, 7.25, 6.25, 7.5], "texture": "#layer0", "tintindex": 0},
				"east": {"uv": [5.25, 6, 6.25, 6.25], "texture": "#layer0", "tintindex": 0},
				"south": {"uv": [6.25, 7.25, 6.75, 7.5], "texture": "#layer0", "tintindex": 0},
				"west": {"uv": [6, 2.5, 7, 2.75], "texture": "#layer0", "tintindex": 0},
				"up": {"uv": [1.5, 6.5, 1, 5.5], "texture": "#layer0", "tintindex": 0},
				"down": {"uv": [2, 5.5, 1.5, 6.5], "texture": "#layer0", "tintindex": 0}
			}
		},
		{
			"from": [3, 0, 7],
			"to": [6, 1, 9],
			"rotation": {"angle": 0, "axis": "y", "origin": [10, 8, 11]},
			"faces": {
				"north": {"uv": [4, 6.75, 4.75, 7], "texture": "#layer0", "tintindex": 0},
				"south": {"uv": [4.75, 6.75, 5.5, 7], "texture": "#layer0", "tintindex": 0},
				"up": {"uv": [3.75, 6, 3, 5.5], "texture": "#layer0", "tintindex": 0},
				"down": {"uv": [4.5, 5.5, 3.75, 6], "texture": "#layer0", "tintindex": 0}
			}
		},
		{
			"from": [10, 0, 7],
			"to": [13, 1, 9],
			"rotation": {"angle": 0, "axis": "y", "origin": [17, 8, 11]},
			"faces": {
				"north": {"uv": [6.75, 1.25, 7.5, 1.5], "texture": "#layer0", "tintindex": 0},
				"south": {"uv": [0.5, 7, 1.25, 7.25], "texture": "#layer0", "tintindex": 0},
				"up": {"uv": [6.25, 0.5, 5.5, 0], "texture": "#layer0", "tintindex": 0},
				"down": {"uv": [6.25, 2, 5.5, 2.5], "texture": "#layer0", "tintindex": 0}
			}
		},
		{
			"from": [7, 0, 3],
			"to": [9, 1, 6],
			"rotation": {"angle": 0, "axis": "y", "origin": [15, 8, 14]},
			"faces": {
				"east": {"uv": [1.25, 7, 2, 7.25], "texture": "#layer0", "tintindex": 0},
				"west": {"uv": [4, 7, 4.75, 7.25], "texture": "#layer0", "tintindex": 0},
				"up": {"uv": [6, 3.25, 5.5, 2.5], "texture": "#layer0", "tintindex": 0},
				"down": {"uv": [6, 3.25, 5.5, 4], "texture": "#layer0", "tintindex": 0}
			}
		},
		{
			"from": [7, 0, 9.9],
			"to": [9, 1, 13],
			"rotation": {"angle": 0, "axis": "y", "origin": [15, 8, 21]},
			"faces": {
				"east": {"uv": [4.75, 7, 5.5, 7.25], "texture": "#layer0", "tintindex": 0},
				"west": {"uv": [5.5, 7, 6.25, 7.25], "texture": "#layer0", "tintindex": 0},
				"up": {"uv": [6.25, 1.25, 5.75, 0.5], "texture": "#layer0", "tintindex": 0},
				"down": {"uv": [2.5, 6, 2, 6.75], "texture": "#layer0", "tintindex": 0}
			}
		},
		{
			"from": [6, 0, 1],
			"to": [10, 1, 3],
			"rotation": {"angle": 0, "axis": "y", "origin": [15, 8, 9]},
			"faces": {
				"north": {"uv": [6, 2.75, 7, 3], "texture": "#layer0", "tintindex": 0},
				"east": {"uv": [7.25, 1.75, 7.75, 2], "texture": "#layer0", "tintindex": 0},
				"south": {"uv": [6, 3, 7, 3.25], "texture": "#layer0", "tintindex": 0},
				"west": {"uv": [7.25, 2, 7.75, 2.25], "texture": "#layer0", "tintindex": 0},
				"up": {"uv": [2.5, 1.5, 1.5, 1], "texture": "#layer0", "tintindex": 0},
				"down": {"uv": [6.25, 1.5, 5.25, 2], "texture": "#layer0", "tintindex": 0}
			}
		},
		{
			"from": [6, 0, 13],
			"to": [10, 1, 15],
			"rotation": {"angle": 0, "axis": "y", "origin": [15, 8, 22]},
			"faces": {
				"north": {"uv": [6, 3.25, 7, 3.5], "texture": "#layer0", "tintindex": 0},
				"east": {"uv": [7.25, 2.25, 7.75, 2.5], "texture": "#layer0", "tintindex": 0},
				"south": {"uv": [6, 3.5, 7, 3.75], "texture": "#layer0", "tintindex": 0},
				"west": {"uv": [7.25, 2.5, 7.75, 2.75], "texture": "#layer0", "tintindex": 0},
				"up": {"uv": [6.25, 5, 5.25, 4.5], "texture": "#layer0", "tintindex": 0},
				"down": {"uv": [3, 5.5, 2, 6], "texture": "#layer0", "tintindex": 0}
			}
		},
		{
			"from": [2.5, 1, 7.5],
			"to": [6.5, 2, 8.5],
			"rotation": {"angle": 0, "axis": "y", "origin": [13, 9, 15.5]},
			"faces": {
				"north": {"uv": [6, 3.75, 7, 4], "texture": "#layer0", "tintindex": 0},
				"south": {"uv": [6, 5.25, 7, 5.5], "texture": "#layer0", "tintindex": 0},
				"up": {"uv": [7, 5.75, 6, 5.5], "texture": "#layer0", "tintindex": 0},
				"down": {"uv": [7, 5.75, 6, 6], "texture": "#layer0", "tintindex": 0}
			}
		},
		{
			"from": [1.5, 1, 6.5],
			"to": [2.5, 2, 9.5],
			"rotation": {"angle": 0, "axis": "y", "origin": [12, 9, 15.5]},
			"faces": {
				"north": {"uv": [4.5, 2.25, 4.75, 2.5], "texture": "#layer0", "tintindex": 0},
				"east": {"uv": [6.25, 7, 7, 7.25], "texture": "#layer0", "tintindex": 0},
				"south": {"uv": [5.25, 2, 5.5, 2.25], "texture": "#layer0", "tintindex": 0},
				"west": {"uv": [7, 7, 7.75, 7.25], "texture": "#layer0", "tintindex": 0},
				"up": {"uv": [7.25, 2.25, 7, 1.5], "texture": "#layer0", "tintindex": 0}
			}
		},
		{
			"from": [13.5, 1, 6.5],
			"to": [14.5, 2, 9.5],
			"rotation": {"angle": 0, "axis": "y", "origin": [24, 9, 15.5]},
			"faces": {
				"north": {"uv": [5.5, 0.5, 5.75, 0.75], "texture": "#layer0", "tintindex": 0},
				"east": {"uv": [7, 3, 7.75, 3.25], "texture": "#layer0", "tintindex": 0},
				"south": {"uv": [5.75, 7.75, 6, 8], "texture": "#layer0", "tintindex": 0},
				"west": {"uv": [7, 3.25, 7.75, 3.5], "texture": "#layer0", "tintindex": 0},
				"up": {"uv": [7.25, 4.25, 7, 3.5], "texture": "#layer0", "tintindex": 0}
			}
		},
		{
			"from": [6.5, 1, 1.5],
			"to": [9.5, 2, 2.5],
			"rotation": {"angle": 0, "axis": "y", "origin": [18, 9, 8.5]},
			"faces": {
				"north": {"uv": [7, 5.25, 7.75, 5.5], "texture": "#layer0", "tintindex": 0},
				"east": {"uv": [6, 7.75, 6.25, 8], "texture": "#layer0", "tintindex": 0},
				"south": {"uv": [7, 5.5, 7.75, 5.75], "texture": "#layer0", "tintindex": 0},
				"west": {"uv": [6.25, 7.75, 6.5, 8], "texture": "#layer0", "tintindex": 0},
				"up": {"uv": [7.75, 6, 7, 5.75], "texture": "#layer0", "tintindex": 0}
			}
		},
		{
			"from": [6.5, 1, 13.5],
			"to": [9.5, 2, 14.5],
			"rotation": {"angle": 0, "axis": "y", "origin": [18, 9, 20.5]},
			"faces": {
				"north": {"uv": [7, 6.75, 7.75, 7], "texture": "#layer0", "tintindex": 0},
				"east": {"uv": [6.5, 7.75, 6.75, 8], "texture": "#layer0", "tintindex": 0},
				"south": {"uv": [0.5, 7.25, 1.25, 7.5], "texture": "#layer0", "tintindex": 0},
				"west": {"uv": [6.75, 7.75, 7, 8], "texture": "#layer0", "tintindex": 0},
				"up": {"uv": [2, 7.5, 1.25, 7.25], "texture": "#layer0", "tintindex": 0}
			}
		},
		{
			"from": [9.5, 1, 7.5],
			"to": [13.5, 2, 8.5],
			"rotation": {"angle": 0, "axis": "y", "origin": [20, 9, 15.5]},
			"faces": {
				"north": {"uv": [5.25, 6.25, 6.25, 6.5], "texture": "#layer0", "tintindex": 0},
				"south": {"uv": [6.25, 6.25, 7.25, 6.5], "texture": "#layer0", "tintindex": 0},
				"up": {"uv": [7.25, 0.25, 6.25, 0], "texture": "#layer0", "tintindex": 0},
				"down": {"uv": [7.25, 0.25, 6.25, 0.5], "texture": "#layer0", "tintindex": 0}
			}
		},
		{
			"from": [7.5, 1, 2.5],
			"to": [8.5, 2, 6.5],
			"rotation": {"angle": 0, "axis": "y", "origin": [15.5, 9, 13]},
			"faces": {
				"east": {"uv": [6.25, 0.5, 7.25, 0.75], "texture": "#layer0", "tintindex": 0},
				"west": {"uv": [6.25, 0.75, 7.25, 1], "texture": "#layer0", "tintindex": 0},
				"up": {"uv": [6.5, 2.5, 6.25, 1.5], "texture": "#layer0", "tintindex": 0},
				"down": {"uv": [6.5, 4, 6.25, 5], "texture": "#layer0", "tintindex": 0}
			}
		},
		{
			"from": [7.5, 1, 9.5],
			"to": [8.5, 2, 13.5],
			"rotation": {"angle": 0, "axis": "y", "origin": [15.5, 9.1, 20]},
			"faces": {
				"east": {"uv": [6.25, 1, 7.25, 1.25], "texture": "#layer0", "tintindex": 0},
				"west": {"uv": [6.25, 5, 7.25, 5.25], "texture": "#layer0", "tintindex": 0},
				"up": {"uv": [0.25, 7.5, 0, 6.5], "texture": "#layer0", "tintindex": 0},
				"down": {"uv": [0.5, 6.5, 0.25, 7.5], "texture": "#layer0", "tintindex": 0}
			}
		},
		{
			"from": [6.5, 8.2, 6.5],
			"to": [9.5, 10.2, 9.5],
			"rotation": {"angle": 0, "axis": "y", "origin": [14.5, 10.1, 17.5]},
			"faces": {
				"north": {"uv": [5.5, 4, 6.25, 4.5], "texture": "#layer0", "tintindex": 0},
				"east": {"uv": [2.5, 6, 3.25, 6.5], "texture": "#layer0", "tintindex": 0},
				"south": {"uv": [3.25, 6, 4, 6.5], "texture": "#layer0", "tintindex": 0},
				"west": {"uv": [4, 6, 4.75, 6.5], "texture": "#layer0", "tintindex": 0},
				"up": {"uv": [3.75, 3, 3, 2.25], "texture": "#layer0", "tintindex": 0},
				"down": {"uv": [4.25, 1, 3.5, 1.75], "texture": "#layer0", "tintindex": 0}
			}
		},
		{
			"from": [7, 5.2, 7],
			"to": [9, 8.2, 9],
			"rotation": {"angle": 0, "axis": "y", "origin": [15, 8.1, 18]},
			"faces": {
				"north": {"uv": [3, 1, 3.5, 1.75], "texture": "#layer0", "tintindex": 0},
				"east": {"uv": [1.5, 3.5, 2, 4.25], "texture": "#layer0", "tintindex": 0},
				"south": {"uv": [2, 3.5, 2.5, 4.25], "texture": "#layer0", "tintindex": 0},
				"west": {"uv": [2.5, 3.5, 3, 4.25], "texture": "#layer0", "tintindex": 0},
				"down": {"uv": [1.5, 6.5, 1, 7], "texture": "#layer0", "tintindex": 0}
			}
		},
		{
			"from": [5, 0, 5],
			"to": [11, 4.1, 11],
			"rotation": {"angle": 45, "axis": "y", "origin": [8, 3.6, 8]},
			"faces": {
				"north": {"uv": [1.5, 1.5, 3, 2.5], "texture": "#layer0", "tintindex": 0},
				"east": {"uv": [1.5, 0, 3, 1], "texture": "#layer0", "tintindex": 0},
				"south": {"uv": [1.5, 2.5, 3, 3.5], "texture": "#layer0", "tintindex": 0},
				"west": {"uv": [0, 3, 1.5, 4], "texture": "#layer0", "tintindex": 0},
				"up": {"uv": [1.5, 1.5, 0, 0], "texture": "#layer0", "tintindex": 0},
				"down": {"uv": [1.5, 1.5, 0, 3], "texture": "#layer0", "tintindex": 0}
			}
		},
		{
			"from": [6, 4.1, 6],
			"to": [10, 5.2, 10],
			"rotation": {"angle": 45, "axis": "y", "origin": [8, 7.7, 8]},
			"faces": {
				"north": {"uv": [6.25, 6, 7.25, 6.25], "texture": "#layer0", "tintindex": 0},
				"east": {"uv": [2.5, 6.5, 3.5, 6.75], "texture": "#layer0", "tintindex": 0},
				"south": {"uv": [3.5, 6.5, 4.5, 6.75], "texture": "#layer0", "tintindex": 0},
				"west": {"uv": [4.5, 6.5, 5.5, 6.75], "texture": "#layer0", "tintindex": 0},
				"up": {"uv": [4, 4, 3, 3], "texture": "#layer0", "tintindex": 0}
			}
		},
		{
			"name": "hexadecagon",
			"from": [7.1, 11.10326, 4.1],
			"to": [8.9, 12.29674, 5],
			"rotation": {"angle": -45, "axis": "x", "origin": [7, 11.7, 7]},
			"faces": {
				"north": {"uv": [7.25, 2.75, 7.75, 3], "texture": "#layer0", "tintindex": 0},
				"east": {"uv": [7.75, 0.5, 8, 0.75], "texture": "#layer0", "tintindex": 0},
				"south": {"uv": [7.25, 3.5, 7.75, 3.75], "texture": "#layer0", "tintindex": 0},
				"west": {"uv": [7.75, 0.75, 8, 1], "texture": "#layer0", "tintindex": 0},
				"up": {"uv": [7.75, 4, 7.25, 3.75], "texture": "#layer0", "tintindex": 0}
			}
		},
		{
			"name": "hexadecagon",
			"from": [7.2, 11.10326, 4.2],
			"to": [8.8, 12.29674, 5],
			"rotation": {"angle": -22.5, "axis": "x", "origin": [7, 11.7, 7]},
			"faces": {
				"north": {"uv": [7.25, 4.25, 7.75, 4.5], "texture": "#layer0", "tintindex": 0},
				"east": {"uv": [7.75, 1, 8, 1.25], "texture": "#layer0", "tintindex": 0},
				"south": {"uv": [7.25, 4.5, 7.75, 4.75], "texture": "#layer0", "tintindex": 0},
				"west": {"uv": [7.75, 1.5, 8, 1.75], "texture": "#layer0", "tintindex": 0},
				"up": {"uv": [7.75, 5, 7.25, 4.75], "texture": "#layer0", "tintindex": 0}
			}
		},
		{
			"name": "hexadecagon",
			"from": [7.3, 11.10326, 4.3],
			"to": [8.7, 12.29674, 5],
			"rotation": {"angle": 0, "axis": "x", "origin": [7, 11.7, 7]},
			"faces": {
				"north": {"uv": [7.75, 1.75, 8, 2], "texture": "#layer0", "tintindex": 0},
				"east": {"uv": [7.75, 2, 8, 2.25], "texture": "#layer0", "tintindex": 0},
				"south": {"uv": [7.75, 2.25, 8, 2.5], "texture": "#layer0", "tintindex": 0},
				"west": {"uv": [7.75, 2.5, 8, 2.75], "texture": "#layer0", "tintindex": 0},
				"up": {"uv": [8, 3, 7.75, 2.75], "texture": "#layer0", "tintindex": 0}
			}
		},
		{
			"name": "hexadecagon",
			"from": [7.4, 11.10326, 4.4],
			"to": [8.6, 12.29674, 5],
			"rotation": {"angle": 22.5, "axis": "x", "origin": [7, 11.7, 7]},
			"faces": {
				"north": {"uv": [7.75, 3.25, 8, 3.5], "texture": "#layer0", "tintindex": 0},
				"east": {"uv": [7.75, 3.5, 8, 3.75], "texture": "#layer0", "tintindex": 0},
				"south": {"uv": [7.75, 3.75, 8, 4], "texture": "#layer0", "tintindex": 0},
				"west": {"uv": [7.75, 4, 8, 4.25], "texture": "#layer0", "tintindex": 0},
				"up": {"uv": [8, 4.5, 7.75, 4.25], "texture": "#layer0", "tintindex": 0}
			}
		},
		{
			"name": "hexadecagon",
			"from": [7.4, 11.10326, 11],
			"to": [8.6, 12.29674, 11.6],
			"rotation": {"angle": -22.5, "axis": "x", "origin": [7, 11.7, 9]},
			"faces": {
				"north": {"uv": [7.75, 4.75, 8, 5], "texture": "#layer0", "tintindex": 0},
				"east": {"uv": [7.75, 5, 8, 5.25], "texture": "#layer0", "tintindex": 0},
				"south": {"uv": [7.75, 5.25, 8, 5.5], "texture": "#layer0", "tintindex": 0},
				"west": {"uv": [7.75, 5.5, 8, 5.75], "texture": "#layer0", "tintindex": 0},
				"up": {"uv": [8, 6, 7.75, 5.75], "texture": "#layer0", "tintindex": 0}
			}
		},
		{
			"name": "hexadecagon",
			"from": [7.3, 11.10326, 11],
			"to": [8.7, 12.29674, 11.7],
			"rotation": {"angle": 0, "axis": "x", "origin": [7, 11.7, 9]},
			"faces": {
				"north": {"uv": [7.75, 6.25, 8, 6.5], "texture": "#layer0", "tintindex": 0},
				"east": {"uv": [7.75, 6.5, 8, 6.75], "texture": "#layer0", "tintindex": 0},
				"south": {"uv": [7.75, 6.75, 8, 7], "texture": "#layer0", "tintindex": 0},
				"west": {"uv": [7.75, 7, 8, 7.25], "texture": "#layer0", "tintindex": 0},
				"up": {"uv": [8, 7.5, 7.75, 7.25], "texture": "#layer0", "tintindex": 0}
			}
		},
		{
			"name": "hexadecagon",
			"from": [7.2, 11.10326, 11],
			"to": [8.8, 12.29674, 11.8],
			"rotation": {"angle": 22.5, "axis": "x", "origin": [7, 11.7, 9]},
			"faces": {
				"north": {"uv": [7.25, 6, 7.75, 6.25], "texture": "#layer0", "tintindex": 0},
				"east": {"uv": [0.25, 8, 0.5, 8.25], "texture": "#layer0", "tintindex": 0},
				"south": {"uv": [7.25, 6.25, 7.75, 6.5], "texture": "#layer0", "tintindex": 0},
				"west": {"uv": [0.5, 8, 0.75, 8.25], "texture": "#layer0", "tintindex": 0},
				"up": {"uv": [0.5, 7.75, 0, 7.5], "texture": "#layer0", "tintindex": 0}
			}
		},
		{
			"name": "hexadecagon",
			"from": [7.1, 11.10326, 11],
			"to": [8.9, 12.29674, 11.9],
			"rotation": {"angle": 45, "axis": "x", "origin": [7, 11.7, 9]},
			"faces": {
				"north": {"uv": [1, 7.5, 1.5, 7.75], "texture": "#layer0", "tintindex": 0},
				"east": {"uv": [0.75, 8, 1, 8.25], "texture": "#layer0", "tintindex": 0},
				"south": {"uv": [1.5, 7.5, 2, 7.75], "texture": "#layer0", "tintindex": 0},
				"west": {"uv": [1, 8, 1.25, 8.25], "texture": "#layer0", "tintindex": 0},
				"up": {"uv": [2.5, 7.75, 2, 7.5], "texture": "#layer0", "tintindex": 0}
			}
		},
		{
			"name": "hexadecagon",
			"from": [7, 8.7, 7.40326],
			"to": [9, 9.7, 9.59674],
			"rotation": {"angle": -22.5, "axis": "x", "origin": [7, 11.7, 9]},
			"faces": {
				"east": {"uv": [3.5, 7.5, 4, 7.75], "texture": "#layer0", "tintindex": 0},
				"south": {"uv": [4, 7.5, 4.5, 7.75], "texture": "#layer0", "tintindex": 0},
				"west": {"uv": [4.5, 7.5, 5, 7.75], "texture": "#layer0", "tintindex": 0},
				"up": {"uv": [2, 7, 1.5, 6.5], "texture": "#layer0", "tintindex": 0},
				"down": {"uv": [6, 6.5, 5.5, 7], "texture": "#layer0", "tintindex": 0}
			}
		},
		{
			"name": "hexadecagon",
			"from": [7, 8.7, 6.40326],
			"to": [9, 9.7, 8.59674],
			"rotation": {"angle": 22.5, "axis": "x", "origin": [7, 11.7, 7]},
			"faces": {
				"north": {"uv": [5, 7.5, 5.5, 7.75], "texture": "#layer0", "tintindex": 0},
				"east": {"uv": [5.5, 7.5, 6, 7.75], "texture": "#layer0", "tintindex": 0},
				"west": {"uv": [6.5, 7.5, 7, 7.75], "texture": "#layer0", "tintindex": 0},
				"up": {"uv": [6.5, 7, 6, 6.5], "texture": "#layer0", "tintindex": 0},
				"down": {"uv": [7, 6.5, 6.5, 7], "texture": "#layer0", "tintindex": 0}
			}
		},
		{
			"from": [7, 10.7, 7],
			"to": [9, 12.7, 9],
			"rotation": {"angle": 0, "axis": "y", "origin": [8.5, 11.2, 7.5]},
			"faces": {
				"north": {"uv": [6.5, 1.5, 7, 2], "texture": "#layer0", "tintindex": 0},
				"east": {"uv": [6.5, 2, 7, 2.5], "texture": "#layer0", "tintindex": 0},
				"south": {"uv": [6.5, 4, 7, 4.5], "texture": "#layer0", "tintindex": 0},
				"west": {"uv": [6.5, 4.5, 7, 5], "texture": "#layer0", "tintindex": 0},
				"up": {"uv": [2.5, 7.25, 2, 6.75], "texture": "#layer0", "tintindex": 0},
				"down": {"uv": [3, 6.75, 2.5, 7.25], "texture": "#layer0", "tintindex": 0}
			}
		},
		{
			"name": "hexadecagon",
			"from": [11, 11.20326, 7.4],
			"to": [11.7, 12.29674, 8.6],
			"rotation": {"angle": 22.5, "axis": "z", "origin": [9, 11.7, 7]},
			"faces": {
				"north": {"uv": [1.25, 8, 1.5, 8.25], "texture": "#layer0", "tintindex": 0},
				"east": {"uv": [1.5, 8, 1.75, 8.25], "texture": "#layer0", "tintindex": 0},
				"south": {"uv": [1.75, 8, 2, 8.25], "texture": "#layer0", "tintindex": 0},
				"west": {"uv": [2, 8, 2.25, 8.25], "texture": "#layer0", "tintindex": 0},
				"up": {"uv": [2.5, 8.25, 2.25, 8], "texture": "#layer0", "tintindex": 0}
			}
		},
		{
			"name": "hexadecagon",
			"from": [6.30326, 8.8, 7.1],
			"to": [7.59674, 9.7, 8.9],
			"rotation": {"angle": -45, "axis": "z", "origin": [7, 11.7, 7]},
			"faces": {
				"north": {"uv": [3, 8, 3.25, 8.25], "texture": "#layer0", "tintindex": 0},
				"south": {"uv": [3.25, 8, 3.5, 8.25], "texture": "#layer0", "tintindex": 0},
				"west": {"uv": [7.5, 7.5, 8, 7.75], "texture": "#layer0", "tintindex": 0},
				"up": {"uv": [3.75, 2.25, 3.5, 1.75], "texture": "#layer0", "tintindex": 0},
				"down": {"uv": [4, 2.5, 3.75, 3], "texture": "#layer0", "tintindex": 0}
			}
		},
		{
			"name": "hexadecagon",
			"from": [6.40326, 8.7, 7],
			"to": [8.59674, 9.7, 9],
			"rotation": {"angle": -22.5, "axis": "z", "origin": [7, 11.7, 7]},
			"faces": {
				"north": {"uv": [7.5, 1.25, 8, 1.5], "texture": "#layer0", "tintindex": 0},
				"south": {"uv": [0.5, 7.75, 1, 8], "texture": "#layer0", "tintindex": 0},
				"west": {"uv": [1, 7.75, 1.5, 8], "texture": "#layer0", "tintindex": 0},
				"up": {"uv": [3.5, 7.25, 3, 6.75], "texture": "#layer0", "tintindex": 0},
				"down": {"uv": [4, 6.75, 3.5, 7.25], "texture": "#layer0", "tintindex": 0}
			}
		},
		{
			"name": "hexadecagon",
			"from": [7.40326, 8.7, 7],
			"to": [9.59674, 9.7, 9],
			"rotation": {"angle": 22.5, "axis": "z", "origin": [9, 11.7, 7]},
			"faces": {
				"north": {"uv": [2.75, 7.25, 3.25, 7.5], "texture": "#layer0", "tintindex": 0},
				"east": {"uv": [3.25, 7.25, 3.75, 7.5], "texture": "#layer0", "tintindex": 0},
				"south": {"uv": [3.75, 7.25, 4.25, 7.5], "texture": "#layer0", "tintindex": 0},
				"up": {"uv": [3, 1.5, 2.5, 1], "texture": "#layer0", "tintindex": 0},
				"down": {"uv": [5.25, 6, 4.75, 6.5], "texture": "#layer0", "tintindex": 0}
			}
		},
		{
			"name": "hexadecagon",
			"from": [8.40326, 8.8, 7.1],
			"to": [9.69674, 9.7, 8.9],
			"rotation": {"angle": 45, "axis": "z", "origin": [9, 11.7, 7]},
			"faces": {
				"north": {"uv": [3.5, 8, 3.75, 8.25], "texture": "#layer0", "tintindex": 0},
				"east": {"uv": [1.5, 7.75, 2, 8], "texture": "#layer0", "tintindex": 0},
				"south": {"uv": [4.25, 8, 4.5, 8.25], "texture": "#layer0", "tintindex": 0},
				"up": {"uv": [4.75, 4.5, 4.5, 4], "texture": "#layer0", "tintindex": 0},
				"down": {"uv": [2.75, 7.75, 2.5, 8.25], "texture": "#layer0", "tintindex": 0}
			}
		},
		{
			"name": "hexadecagon",
			"from": [4.3, 11.20326, 7.4],
			"to": [5, 12.29674, 8.6],
			"rotation": {"angle": -22.5, "axis": "z", "origin": [7, 11.7, 7]},
			"faces": {
				"north": {"uv": [4.5, 8, 4.75, 8.25], "texture": "#layer0", "tintindex": 0},
				"east": {"uv": [4.75, 8, 5, 8.25], "texture": "#layer0", "tintindex": 0},
				"south": {"uv": [5, 8, 5.25, 8.25], "texture": "#layer0", "tintindex": 0},
				"west": {"uv": [5.75, 8, 6, 8.25], "texture": "#layer0", "tintindex": 0},
				"up": {"uv": [6.25, 8.25, 6, 8], "texture": "#layer0", "tintindex": 0}
			}
		},
		{
			"name": "hexadecagon",
			"from": [4.2, 11.20326, 7.3],
			"to": [5, 12.29674, 8.7],
			"rotation": {"angle": 0, "axis": "z", "origin": [7, 11.7, 7]},
			"faces": {
				"north": {"uv": [6.5, 8, 6.75, 8.25], "texture": "#layer0", "tintindex": 0},
				"east": {"uv": [6.75, 8, 7, 8.25], "texture": "#layer0", "tintindex": 0},
				"south": {"uv": [7, 8, 7.25, 8.25], "texture": "#layer0", "tintindex": 0},
				"west": {"uv": [7.25, 8, 7.5, 8.25], "texture": "#layer0", "tintindex": 0},
				"up": {"uv": [7.75, 8.25, 7.5, 8], "texture": "#layer0", "tintindex": 0},
				"down": {"uv": [8, 8, 7.75, 8.25], "texture": "#layer0", "tintindex": 0}
			}
		},
		{
			"name": "hexadecagon",
			"from": [4.1, 11.20326, 7.2],
			"to": [5, 12.29674, 8.8],
			"rotation": {"angle": 22.5, "axis": "z", "origin": [7, 11.7, 7]},
			"faces": {
				"north": {"uv": [8, 8, 8.25, 8.25], "texture": "#layer0", "tintindex": 0},
				"east": {"uv": [2.75, 7.75, 3.25, 8], "texture": "#layer0", "tintindex": 0},
				"south": {"uv": [8, 0, 8.25, 0.25], "texture": "#layer0", "tintindex": 0},
				"west": {"uv": [3.25, 7.75, 3.75, 8], "texture": "#layer0", "tintindex": 0},
				"up": {"uv": [4, 8.25, 3.75, 7.75], "texture": "#layer0", "tintindex": 0}
			}
		},
		{
			"name": "hexadecagon",
			"from": [11, 11.20326, 7.2],
			"to": [11.9, 12.29674, 8.8],
			"rotation": {"angle": -22.5, "axis": "z", "origin": [9, 11.7, 7]},
			"faces": {
				"north": {"uv": [8, 0.25, 8.25, 0.5], "texture": "#layer0", "tintindex": 0},
				"east": {"uv": [4.25, 7.75, 4.75, 8], "texture": "#layer0", "tintindex": 0},
				"south": {"uv": [8, 0.5, 8.25, 0.75], "texture": "#layer0", "tintindex": 0},
				"west": {"uv": [4.75, 7.75, 5.25, 8], "texture": "#layer0", "tintindex": 0},
				"up": {"uv": [5.5, 8.25, 5.25, 7.75], "texture": "#layer0", "tintindex": 0}
			}
		},
		{
			"name": "hexadecagon",
			"from": [11, 11.20326, 7.3],
			"to": [11.8, 12.29674, 8.7],
			"rotation": {"angle": 0, "axis": "z", "origin": [9, 11.7, 7]},
			"faces": {
				"north": {"uv": [8, 0.75, 8.25, 1], "texture": "#layer0", "tintindex": 0},
				"east": {"uv": [8, 1, 8.25, 1.25], "texture": "#layer0", "tintindex": 0},
				"south": {"uv": [8, 1.25, 8.25, 1.5], "texture": "#layer0", "tintindex": 0},
				"west": {"uv": [8, 1.5, 8.25, 1.75], "texture": "#layer0", "tintindex": 0},
				"up": {"uv": [8.25, 2, 8, 1.75], "texture": "#layer0", "tintindex": 0},
				"down": {"uv": [8.25, 2, 8, 2.25], "texture": "#layer0", "tintindex": 0}
			}
		},
		{
			"from": [10.65, 0, 10.65],
			"to": [13.65, 3, 13.65],
			"rotation": {"angle": 45, "axis": "y", "origin": [12.2, 0.5, 12.2]},
			"faces": {
				"north": {"uv": [3.75, 1.75, 4.5, 2.5], "texture": "#layer0", "tintindex": 0},
				"east": {"uv": [0, 4, 0.75, 4.75], "texture": "#layer0", "tintindex": 0},
				"south": {"uv": [0.75, 4, 1.5, 4.75], "texture": "#layer0", "tintindex": 0},
				"west": {"uv": [3, 4, 3.75, 4.75], "texture": "#layer0", "tintindex": 0},
				"up": {"uv": [4.5, 4.75, 3.75, 4], "texture": "#layer0", "tintindex": 0},
				"down": {"uv": [4.75, 0, 4, 0.75], "texture": "#layer0", "tintindex": 0}
			}
		},
		{
			"from": [10.65, 0, 2.35],
			"to": [13.65, 3, 5.35],
			"rotation": {"angle": 45, "axis": "y", "origin": [12.2, 0.5, 3.8]},
			"faces": {
				"north": {"uv": [4, 2.5, 4.75, 3.25], "texture": "#layer0", "tintindex": 0},
				"east": {"uv": [4, 3.25, 4.75, 4], "texture": "#layer0", "tintindex": 0},
				"south": {"uv": [4.25, 0.75, 5, 1.5], "texture": "#layer0", "tintindex": 0},
				"west": {"uv": [4.5, 4.5, 5.25, 5.25], "texture": "#layer0", "tintindex": 0},
				"up": {"uv": [5.25, 2.25, 4.5, 1.5], "texture": "#layer0", "tintindex": 0},
				"down": {"uv": [0.75, 4.75, 0, 5.5], "texture": "#layer0", "tintindex": 0}
			}
		},
		{
			"from": [2.35, 0, 2.35],
			"to": [5.35, 3.1, 5.35],
			"rotation": {"angle": 45, "axis": "y", "origin": [3.8, 0.5, 3.8]},
			"faces": {
				"north": {"uv": [0.75, 4.75, 1.5, 5.5], "texture": "#layer0", "tintindex": 0},
				"east": {"uv": [1.5, 4.75, 2.25, 5.5], "texture": "#layer0", "tintindex": 0},
				"south": {"uv": [2.25, 4.75, 3, 5.5], "texture": "#layer0", "tintindex": 0},
				"west": {"uv": [3, 4.75, 3.75, 5.5], "texture": "#layer0", "tintindex": 0},
				"up": {"uv": [4.5, 5.5, 3.75, 4.75], "texture": "#layer0", "tintindex": 0},
				"down": {"uv": [5.5, 0, 4.75, 0.75], "texture": "#layer0", "tintindex": 0}
			}
		},
		{
			"from": [2.35, 0, 10.65],
			"to": [5.35, 3, 13.65],
			"rotation": {"angle": 45, "axis": "y", "origin": [3.9, 0.5, 12.2]},
			"faces": {
				"north": {"uv": [4.75, 2.25, 5.5, 3], "texture": "#layer0", "tintindex": 0},
				"east": {"uv": [4.75, 3, 5.5, 3.75], "texture": "#layer0", "tintindex": 0},
				"south": {"uv": [4.75, 3.75, 5.5, 4.5], "texture": "#layer0", "tintindex": 0},
				"west": {"uv": [5, 0.75, 5.75, 1.5], "texture": "#layer0", "tintindex": 0},
				"up": {"uv": [5.25, 6, 4.5, 5.25], "texture": "#layer0", "tintindex": 0},
				"down": {"uv": [6, 5.25, 5.25, 6], "texture": "#layer0", "tintindex": 0}
			}
		},
        
		{
			"from": [1, 0, 6],
			"to": [3, 1, 10],
			"rotation": {"angle": 0, "axis": "y", "origin": [9, 8, 11]},
			"faces": {
				"north": {"uv": [4.75, 7.25, 5.25, 7.5], "texture": "#layer1", "tintindex": 1},
				"east": {"uv": [5.25, 5, 6.25, 5.25], "texture": "#layer1", "tintindex": 1},
				"south": {"uv": [5.25, 7.25, 5.75, 7.5], "texture": "#layer1", "tintindex": 1},
				"west": {"uv": [5.75, 1.25, 6.75, 1.5], "texture": "#layer1", "tintindex": 1},
				"up": {"uv": [0.5, 6.5, 0, 5.5], "texture": "#layer1", "tintindex": 1},
				"down": {"uv": [1, 5.5, 0.5, 6.5], "texture": "#layer1", "tintindex": 1}
			}
		},
		{
			"from": [13, 0, 6],
			"to": [15, 1, 10],
			"rotation": {"angle": 0, "axis": "y", "origin": [22, 8, 11]},
			"faces": {
				"north": {"uv": [5.75, 7.25, 6.25, 7.5], "texture": "#layer1", "tintindex": 1},
				"east": {"uv": [5.25, 6, 6.25, 6.25], "texture": "#layer1", "tintindex": 1},
				"south": {"uv": [6.25, 7.25, 6.75, 7.5], "texture": "#layer1", "tintindex": 1},
				"west": {"uv": [6, 2.5, 7, 2.75], "texture": "#layer1", "tintindex": 1},
				"up": {"uv": [1.5, 6.5, 1, 5.5], "texture": "#layer1", "tintindex": 1},
				"down": {"uv": [2, 5.5, 1.5, 6.5], "texture": "#layer1", "tintindex": 1}
			}
		},
		{
			"from": [3, 0, 7],
			"to": [6, 1, 9],
			"rotation": {"angle": 0, "axis": "y", "origin": [10, 8, 11]},
			"faces": {
				"north": {"uv": [4, 6.75, 4.75, 7], "texture": "#layer1", "tintindex": 1},
				"south": {"uv": [4.75, 6.75, 5.5, 7], "texture": "#layer1", "tintindex": 1},
				"up": {"uv": [3.75, 6, 3, 5.5], "texture": "#layer1", "tintindex": 1},
				"down": {"uv": [4.5, 5.5, 3.75, 6], "texture": "#layer1", "tintindex": 1}
			}
		},
		{
			"from": [10, 0, 7],
			"to": [13, 1, 9],
			"rotation": {"angle": 0, "axis": "y", "origin": [17, 8, 11]},
			"faces": {
				"north": {"uv": [6.75, 1.25, 7.5, 1.5], "texture": "#layer1", "tintindex": 1},
				"south": {"uv": [0.5, 7, 1.25, 7.25], "texture": "#layer1", "tintindex": 1},
				"up": {"uv": [6.25, 0.5, 5.5, 0], "texture": "#layer1", "tintindex": 1},
				"down": {"uv": [6.25, 2, 5.5, 2.5], "texture": "#layer1", "tintindex": 1}
			}
		},
		{
			"from": [7, 0, 3],
			"to": [9, 1, 6],
			"rotation": {"angle": 0, "axis": "y", "origin": [15, 8, 14]},
			"faces": {
				"east": {"uv": [1.25, 7, 2, 7.25], "texture": "#layer1", "tintindex": 1},
				"west": {"uv": [4, 7, 4.75, 7.25], "texture": "#layer1", "tintindex": 1},
				"up": {"uv": [6, 3.25, 5.5, 2.5], "texture": "#layer1", "tintindex": 1},
				"down": {"uv": [6, 3.25, 5.5, 4], "texture": "#layer1", "tintindex": 1}
			}
		},
		{
			"from": [7, 0, 9.9],
			"to": [9, 1, 13],
			"rotation": {"angle": 0, "axis": "y", "origin": [15, 8, 21]},
			"faces": {
				"east": {"uv": [4.75, 7, 5.5, 7.25], "texture": "#layer1", "tintindex": 1},
				"west": {"uv": [5.5, 7, 6.25, 7.25], "texture": "#layer1", "tintindex": 1},
				"up": {"uv": [6.25, 1.25, 5.75, 0.5], "texture": "#layer1", "tintindex": 1},
				"down": {"uv": [2.5, 6, 2, 6.75], "texture": "#layer1", "tintindex": 1}
			}
		},
		{
			"from": [6, 0, 1],
			"to": [10, 1, 3],
			"rotation": {"angle": 0, "axis": "y", "origin": [15, 8, 9]},
			"faces": {
				"north": {"uv": [6, 2.75, 7, 3], "texture": "#layer1", "tintindex": 1},
				"east": {"uv": [7.25, 1.75, 7.75, 2], "texture": "#layer1", "tintindex": 1},
				"south": {"uv": [6, 3, 7, 3.25], "texture": "#layer1", "tintindex": 1},
				"west": {"uv": [7.25, 2, 7.75, 2.25], "texture": "#layer1", "tintindex": 1},
				"up": {"uv": [2.5, 1.5, 1.5, 1], "texture": "#layer1", "tintindex": 1},
				"down": {"uv": [6.25, 1.5, 5.25, 2], "texture": "#layer1", "tintindex": 1}
			}
		},
		{
			"from": [6, 0, 13],
			"to": [10, 1, 15],
			"rotation": {"angle": 0, "axis": "y", "origin": [15, 8, 22]},
			"faces": {
				"north": {"uv": [6, 3.25, 7, 3.5], "texture": "#layer1", "tintindex": 1},
				"east": {"uv": [7.25, 2.25, 7.75, 2.5], "texture": "#layer1", "tintindex": 1},
				"south": {"uv": [6, 3.5, 7, 3.75], "texture": "#layer1", "tintindex": 1},
				"west": {"uv": [7.25, 2.5, 7.75, 2.75], "texture": "#layer1", "tintindex": 1},
				"up": {"uv": [6.25, 5, 5.25, 4.5], "texture": "#layer1", "tintindex": 1},
				"down": {"uv": [3, 5.5, 2, 6], "texture": "#layer1", "tintindex": 1}
			}
		},
		{
			"from": [2.5, 1, 7.5],
			"to": [6.5, 2, 8.5],
			"rotation": {"angle": 0, "axis": "y", "origin": [13, 9, 15.5]},
			"faces": {
				"north": {"uv": [6, 3.75, 7, 4], "texture": "#layer1", "tintindex": 1},
				"south": {"uv": [6, 5.25, 7, 5.5], "texture": "#layer1", "tintindex": 1},
				"up": {"uv": [7, 5.75, 6, 5.5], "texture": "#layer1", "tintindex": 1},
				"down": {"uv": [7, 5.75, 6, 6], "texture": "#layer1", "tintindex": 1}
			}
		},
		{
			"from": [1.5, 1, 6.5],
			"to": [2.5, 2, 9.5],
			"rotation": {"angle": 0, "axis": "y", "origin": [12, 9, 15.5]},
			"faces": {
				"north": {"uv": [4.5, 2.25, 4.75, 2.5], "texture": "#layer1", "tintindex": 1},
				"east": {"uv": [6.25, 7, 7, 7.25], "texture": "#layer1", "tintindex": 1},
				"south": {"uv": [5.25, 2, 5.5, 2.25], "texture": "#layer1", "tintindex": 1},
				"west": {"uv": [7, 7, 7.75, 7.25], "texture": "#layer1", "tintindex": 1},
				"up": {"uv": [7.25, 2.25, 7, 1.5], "texture": "#layer1", "tintindex": 1}
			}
		},
		{
			"from": [13.5, 1, 6.5],
			"to": [14.5, 2, 9.5],
			"rotation": {"angle": 0, "axis": "y", "origin": [24, 9, 15.5]},
			"faces": {
				"north": {"uv": [5.5, 0.5, 5.75, 0.75], "texture": "#layer1", "tintindex": 1},
				"east": {"uv": [7, 3, 7.75, 3.25], "texture": "#layer1", "tintindex": 1},
				"south": {"uv": [5.75, 7.75, 6, 8], "texture": "#layer1", "tintindex": 1},
				"west": {"uv": [7, 3.25, 7.75, 3.5], "texture": "#layer1", "tintindex": 1},
				"up": {"uv": [7.25, 4.25, 7, 3.5], "texture": "#layer1", "tintindex": 1}
			}
		},
		{
			"from": [6.5, 1, 1.5],
			"to": [9.5, 2, 2.5],
			"rotation": {"angle": 0, "axis": "y", "origin": [18, 9, 8.5]},
			"faces": {
				"north": {"uv": [7, 5.25, 7.75, 5.5], "texture": "#layer1", "tintindex": 1},
				"east": {"uv": [6, 7.75, 6.25, 8], "texture": "#layer1", "tintindex": 1},
				"south": {"uv": [7, 5.5, 7.75, 5.75], "texture": "#layer1", "tintindex": 1},
				"west": {"uv": [6.25, 7.75, 6.5, 8], "texture": "#layer1", "tintindex": 1},
				"up": {"uv": [7.75, 6, 7, 5.75], "texture": "#layer1", "tintindex": 1}
			}
		},
		{
			"from": [6.5, 1, 13.5],
			"to": [9.5, 2, 14.5],
			"rotation": {"angle": 0, "axis": "y", "origin": [18, 9, 20.5]},
			"faces": {
				"north": {"uv": [7, 6.75, 7.75, 7], "texture": "#layer1", "tintindex": 1},
				"east": {"uv": [6.5, 7.75, 6.75, 8], "texture": "#layer1", "tintindex": 1},
				"south": {"uv": [0.5, 7.25, 1.25, 7.5], "texture": "#layer1", "tintindex": 1},
				"west": {"uv": [6.75, 7.75, 7, 8], "texture": "#layer1", "tintindex": 1},
				"up": {"uv": [2, 7.5, 1.25, 7.25], "texture": "#layer1", "tintindex": 1}
			}
		},
		{
			"from": [9.5, 1, 7.5],
			"to": [13.5, 2, 8.5],
			"rotation": {"angle": 0, "axis": "y", "origin": [20, 9, 15.5]},
			"faces": {
				"north": {"uv": [5.25, 6.25, 6.25, 6.5], "texture": "#layer1", "tintindex": 1},
				"south": {"uv": [6.25, 6.25, 7.25, 6.5], "texture": "#layer1", "tintindex": 1},
				"up": {"uv": [7.25, 0.25, 6.25, 0], "texture": "#layer1", "tintindex": 1},
				"down": {"uv": [7.25, 0.25, 6.25, 0.5], "texture": "#layer1", "tintindex": 1}
			}
		},
		{
			"from": [7.5, 1, 2.5],
			"to": [8.5, 2, 6.5],
			"rotation": {"angle": 0, "axis": "y", "origin": [15.5, 9, 13]},
			"faces": {
				"east": {"uv": [6.25, 0.5, 7.25, 0.75], "texture": "#layer1", "tintindex": 1},
				"west": {"uv": [6.25, 0.75, 7.25, 1], "texture": "#layer1", "tintindex": 1},
				"up": {"uv": [6.5, 2.5, 6.25, 1.5], "texture": "#layer1", "tintindex": 1},
				"down": {"uv": [6.5, 4, 6.25, 5], "texture": "#layer1", "tintindex": 1}
			}
		},
		{
			"from": [7.5, 1, 9.5],
			"to": [8.5, 2, 13.5],
			"rotation": {"angle": 0, "axis": "y", "origin": [15.5, 9.1, 20]},
			"faces": {
				"east": {"uv": [6.25, 1, 7.25, 1.25], "texture": "#layer1", "tintindex": 1},
				"west": {"uv": [6.25, 5, 7.25, 5.25], "texture": "#layer1", "tintindex": 1},
				"up": {"uv": [0.25, 7.5, 0, 6.5], "texture": "#layer1", "tintindex": 1},
				"down": {"uv": [0.5, 6.5, 0.25, 7.5], "texture": "#layer1", "tintindex": 1}
			}
		},
		{
			"from": [6.5, 8.2, 6.5],
			"to": [9.5, 10.2, 9.5],
			"rotation": {"angle": 0, "axis": "y", "origin": [14.5, 10.1, 17.5]},
			"faces": {
				"north": {"uv": [5.5, 4, 6.25, 4.5], "texture": "#layer1", "tintindex": 1},
				"east": {"uv": [2.5, 6, 3.25, 6.5], "texture": "#layer1", "tintindex": 1},
				"south": {"uv": [3.25, 6, 4, 6.5], "texture": "#layer1", "tintindex": 1},
				"west": {"uv": [4, 6, 4.75, 6.5], "texture": "#layer1", "tintindex": 1},
				"up": {"uv": [3.75, 3, 3, 2.25], "texture": "#layer1", "tintindex": 1},
				"down": {"uv": [4.25, 1, 3.5, 1.75], "texture": "#layer1", "tintindex": 1}
			}
		},
		{
			"from": [7, 5.2, 7],
			"to": [9, 8.2, 9],
			"rotation": {"angle": 0, "axis": "y", "origin": [15, 8.1, 18]},
			"faces": {
				"north": {"uv": [3, 1, 3.5, 1.75], "texture": "#layer1", "tintindex": 1},
				"east": {"uv": [1.5, 3.5, 2, 4.25], "texture": "#layer1", "tintindex": 1},
				"south": {"uv": [2, 3.5, 2.5, 4.25], "texture": "#layer1", "tintindex": 1},
				"west": {"uv": [2.5, 3.5, 3, 4.25], "texture": "#layer1", "tintindex": 1},
				"down": {"uv": [1.5, 6.5, 1, 7], "texture": "#layer1", "tintindex": 1}
			}
		},
		{
			"from": [5, 0, 5],
			"to": [11, 4.1, 11],
			"rotation": {"angle": 45, "axis": "y", "origin": [8, 3.6, 8]},
			"faces": {
				"north": {"uv": [1.5, 1.5, 3, 2.5], "texture": "#layer1", "tintindex": 1},
				"east": {"uv": [1.5, 0, 3, 1], "texture": "#layer1", "tintindex": 1},
				"south": {"uv": [1.5, 2.5, 3, 3.5], "texture": "#layer1", "tintindex": 1},
				"west": {"uv": [0, 3, 1.5, 4], "texture": "#layer1", "tintindex": 1},
				"up": {"uv": [1.5, 1.5, 0, 0], "texture": "#layer1", "tintindex": 1},
				"down": {"uv": [1.5, 1.5, 0, 3], "texture": "#layer1", "tintindex": 1}
			}
		},
		{
			"from": [6, 4.1, 6],
			"to": [10, 5.2, 10],
			"rotation": {"angle": 45, "axis": "y", "origin": [8, 7.7, 8]},
			"faces": {
				"north": {"uv": [6.25, 6, 7.25, 6.25], "texture": "#layer1", "tintindex": 1},
				"east": {"uv": [2.5, 6.5, 3.5, 6.75], "texture": "#layer1", "tintindex": 1},
				"south": {"uv": [3.5, 6.5, 4.5, 6.75], "texture": "#layer1", "tintindex": 1},
				"west": {"uv": [4.5, 6.5, 5.5, 6.75], "texture": "#layer1", "tintindex": 1},
				"up": {"uv": [4, 4, 3, 3], "texture": "#layer1", "tintindex": 1}
			}
		},
		{
			"name": "hexadecagon",
			"from": [7.1, 11.10326, 4.1],
			"to": [8.9, 12.29674, 5],
			"rotation": {"angle": -45, "axis": "x", "origin": [7, 11.7, 7]},
			"faces": {
				"north": {"uv": [7.25, 2.75, 7.75, 3], "texture": "#layer1", "tintindex": 1},
				"east": {"uv": [7.75, 0.5, 8, 0.75], "texture": "#layer1", "tintindex": 1},
				"south": {"uv": [7.25, 3.5, 7.75, 3.75], "texture": "#layer1", "tintindex": 1},
				"west": {"uv": [7.75, 0.75, 8, 1], "texture": "#layer1", "tintindex": 1},
				"up": {"uv": [7.75, 4, 7.25, 3.75], "texture": "#layer1", "tintindex": 1}
			}
		},
		{
			"name": "hexadecagon",
			"from": [7.2, 11.10326, 4.2],
			"to": [8.8, 12.29674, 5],
			"rotation": {"angle": -22.5, "axis": "x", "origin": [7, 11.7, 7]},
			"faces": {
				"north": {"uv": [7.25, 4.25, 7.75, 4.5], "texture": "#layer1", "tintindex": 1},
				"east": {"uv": [7.75, 1, 8, 1.25], "texture": "#layer1", "tintindex": 1},
				"south": {"uv": [7.25, 4.5, 7.75, 4.75], "texture": "#layer1", "tintindex": 1},
				"west": {"uv": [7.75, 1.5, 8, 1.75], "texture": "#layer1", "tintindex": 1},
				"up": {"uv": [7.75, 5, 7.25, 4.75], "texture": "#layer1", "tintindex": 1}
			}
		},
		{
			"name": "hexadecagon",
			"from": [7.3, 11.10326, 4.3],
			"to": [8.7, 12.29674, 5],
			"rotation": {"angle": 0, "axis": "x", "origin": [7, 11.7, 7]},
			"faces": {
				"north": {"uv": [7.75, 1.75, 8, 2], "texture": "#layer1", "tintindex": 1},
				"east": {"uv": [7.75, 2, 8, 2.25], "texture": "#layer1", "tintindex": 1},
				"south": {"uv": [7.75, 2.25, 8, 2.5], "texture": "#layer1", "tintindex": 1},
				"west": {"uv": [7.75, 2.5, 8, 2.75], "texture": "#layer1", "tintindex": 1},
				"up": {"uv": [8, 3, 7.75, 2.75], "texture": "#layer1", "tintindex": 1}
			}
		},
		{
			"name": "hexadecagon",
			"from": [7.4, 11.10326, 4.4],
			"to": [8.6, 12.29674, 5],
			"rotation": {"angle": 22.5, "axis": "x", "origin": [7, 11.7, 7]},
			"faces": {
				"north": {"uv": [7.75, 3.25, 8, 3.5], "texture": "#layer1", "tintindex": 1},
				"east": {"uv": [7.75, 3.5, 8, 3.75], "texture": "#layer1", "tintindex": 1},
				"south": {"uv": [7.75, 3.75, 8, 4], "texture": "#layer1", "tintindex": 1},
				"west": {"uv": [7.75, 4, 8, 4.25], "texture": "#layer1", "tintindex": 1},
				"up": {"uv": [8, 4.5, 7.75, 4.25], "texture": "#layer1", "tintindex": 1}
			}
		},
		{
			"name": "hexadecagon",
			"from": [7.4, 11.10326, 11],
			"to": [8.6, 12.29674, 11.6],
			"rotation": {"angle": -22.5, "axis": "x", "origin": [7, 11.7, 9]},
			"faces": {
				"north": {"uv": [7.75, 4.75, 8, 5], "texture": "#layer1", "tintindex": 1},
				"east": {"uv": [7.75, 5, 8, 5.25], "texture": "#layer1", "tintindex": 1},
				"south": {"uv": [7.75, 5.25, 8, 5.5], "texture": "#layer1", "tintindex": 1},
				"west": {"uv": [7.75, 5.5, 8, 5.75], "texture": "#layer1", "tintindex": 1},
				"up": {"uv": [8, 6, 7.75, 5.75], "texture": "#layer1", "tintindex": 1}
			}
		},
		{
			"name": "hexadecagon",
			"from": [7.3, 11.10326, 11],
			"to": [8.7, 12.29674, 11.7],
			"rotation": {"angle": 0, "axis": "x", "origin": [7, 11.7, 9]},
			"faces": {
				"north": {"uv": [7.75, 6.25, 8, 6.5], "texture": "#layer1", "tintindex": 1},
				"east": {"uv": [7.75, 6.5, 8, 6.75], "texture": "#layer1", "tintindex": 1},
				"south": {"uv": [7.75, 6.75, 8, 7], "texture": "#layer1", "tintindex": 1},
				"west": {"uv": [7.75, 7, 8, 7.25], "texture": "#layer1", "tintindex": 1},
				"up": {"uv": [8, 7.5, 7.75, 7.25], "texture": "#layer1", "tintindex": 1}
			}
		},
		{
			"name": "hexadecagon",
			"from": [7.2, 11.10326, 11],
			"to": [8.8, 12.29674, 11.8],
			"rotation": {"angle": 22.5, "axis": "x", "origin": [7, 11.7, 9]},
			"faces": {
				"north": {"uv": [7.25, 6, 7.75, 6.25], "texture": "#layer1", "tintindex": 1},
				"east": {"uv": [0.25, 8, 0.5, 8.25], "texture": "#layer1", "tintindex": 1},
				"south": {"uv": [7.25, 6.25, 7.75, 6.5], "texture": "#layer1", "tintindex": 1},
				"west": {"uv": [0.5, 8, 0.75, 8.25], "texture": "#layer1", "tintindex": 1},
				"up": {"uv": [0.5, 7.75, 0, 7.5], "texture": "#layer1", "tintindex": 1}
			}
		},
		{
			"name": "hexadecagon",
			"from": [7.1, 11.10326, 11],
			"to": [8.9, 12.29674, 11.9],
			"rotation": {"angle": 45, "axis": "x", "origin": [7, 11.7, 9]},
			"faces": {
				"north": {"uv": [1, 7.5, 1.5, 7.75], "texture": "#layer1", "tintindex": 1},
				"east": {"uv": [0.75, 8, 1, 8.25], "texture": "#layer1", "tintindex": 1},
				"south": {"uv": [1.5, 7.5, 2, 7.75], "texture": "#layer1", "tintindex": 1},
				"west": {"uv": [1, 8, 1.25, 8.25], "texture": "#layer1", "tintindex": 1},
				"up": {"uv": [2.5, 7.75, 2, 7.5], "texture": "#layer1", "tintindex": 1}
			}
		},
		{
			"name": "hexadecagon",
			"from": [7, 8.7, 7.40326],
			"to": [9, 9.7, 9.59674],
			"rotation": {"angle": -22.5, "axis": "x", "origin": [7, 11.7, 9]},
			"faces": {
				"east": {"uv": [3.5, 7.5, 4, 7.75], "texture": "#layer1", "tintindex": 1},
				"south": {"uv": [4, 7.5, 4.5, 7.75], "texture": "#layer1", "tintindex": 1},
				"west": {"uv": [4.5, 7.5, 5, 7.75], "texture": "#layer1", "tintindex": 1},
				"up": {"uv": [2, 7, 1.5, 6.5], "texture": "#layer1", "tintindex": 1},
				"down": {"uv": [6, 6.5, 5.5, 7], "texture": "#layer1", "tintindex": 1}
			}
		},
		{
			"name": "hexadecagon",
			"from": [7, 8.7, 6.40326],
			"to": [9, 9.7, 8.59674],
			"rotation": {"angle": 22.5, "axis": "x", "origin": [7, 11.7, 7]},
			"faces": {
				"north": {"uv": [5, 7.5, 5.5, 7.75], "texture": "#layer1", "tintindex": 1},
				"east": {"uv": [5.5, 7.5, 6, 7.75], "texture": "#layer1", "tintindex": 1},
				"west": {"uv": [6.5, 7.5, 7, 7.75], "texture": "#layer1", "tintindex": 1},
				"up": {"uv": [6.5, 7, 6, 6.5], "texture": "#layer1", "tintindex": 1},
				"down": {"uv": [7, 6.5, 6.5, 7], "texture": "#layer1", "tintindex": 1}
			}
		},
		{
			"from": [7, 10.7, 7],
			"to": [9, 12.7, 9],
			"rotation": {"angle": 0, "axis": "y", "origin": [8.5, 11.2, 7.5]},
			"faces": {
				"north": {"uv": [6.5, 1.5, 7, 2], "texture": "#layer1", "tintindex": 1},
				"east": {"uv": [6.5, 2, 7, 2.5], "texture": "#layer1", "tintindex": 1},
				"south": {"uv": [6.5, 4, 7, 4.5], "texture": "#layer1", "tintindex": 1},
				"west": {"uv": [6.5, 4.5, 7, 5], "texture": "#layer1", "tintindex": 1},
				"up": {"uv": [2.5, 7.25, 2, 6.75], "texture": "#layer1", "tintindex": 1},
				"down": {"uv": [3, 6.75, 2.5, 7.25], "texture": "#layer1", "tintindex": 1}
			}
		},
		{
			"name": "hexadecagon",
			"from": [11, 11.20326, 7.4],
			"to": [11.7, 12.29674, 8.6],
			"rotation": {"angle": 22.5, "axis": "z", "origin": [9, 11.7, 7]},
			"faces": {
				"north": {"uv": [1.25, 8, 1.5, 8.25], "texture": "#layer1", "tintindex": 1},
				"east": {"uv": [1.5, 8, 1.75, 8.25], "texture": "#layer1", "tintindex": 1},
				"south": {"uv": [1.75, 8, 2, 8.25], "texture": "#layer1", "tintindex": 1},
				"west": {"uv": [2, 8, 2.25, 8.25], "texture": "#layer1", "tintindex": 1},
				"up": {"uv": [2.5, 8.25, 2.25, 8], "texture": "#layer1", "tintindex": 1}
			}
		},
		{
			"name": "hexadecagon",
			"from": [6.30326, 8.8, 7.1],
			"to": [7.59674, 9.7, 8.9],
			"rotation": {"angle": -45, "axis": "z", "origin": [7, 11.7, 7]},
			"faces": {
				"north": {"uv": [3, 8, 3.25, 8.25], "texture": "#layer1", "tintindex": 1},
				"south": {"uv": [3.25, 8, 3.5, 8.25], "texture": "#layer1", "tintindex": 1},
				"west": {"uv": [7.5, 7.5, 8, 7.75], "texture": "#layer1", "tintindex": 1},
				"up": {"uv": [3.75, 2.25, 3.5, 1.75], "texture": "#layer1", "tintindex": 1},
				"down": {"uv": [4, 2.5, 3.75, 3], "texture": "#layer1", "tintindex": 1}
			}
		},
		{
			"name": "hexadecagon",
			"from": [6.40326, 8.7, 7],
			"to": [8.59674, 9.7, 9],
			"rotation": {"angle": -22.5, "axis": "z", "origin": [7, 11.7, 7]},
			"faces": {
				"north": {"uv": [7.5, 1.25, 8, 1.5], "texture": "#layer1", "tintindex": 1},
				"south": {"uv": [0.5, 7.75, 1, 8], "texture": "#layer1", "tintindex": 1},
				"west": {"uv": [1, 7.75, 1.5, 8], "texture": "#layer1", "tintindex": 1},
				"up": {"uv": [3.5, 7.25, 3, 6.75], "texture": "#layer1", "tintindex": 1},
				"down": {"uv": [4, 6.75, 3.5, 7.25], "texture": "#layer1", "tintindex": 1}
			}
		},
		{
			"name": "hexadecagon",
			"from": [7.40326, 8.7, 7],
			"to": [9.59674, 9.7, 9],
			"rotation": {"angle": 22.5, "axis": "z", "origin": [9, 11.7, 7]},
			"faces": {
				"north": {"uv": [2.75, 7.25, 3.25, 7.5], "texture": "#layer1", "tintindex": 1},
				"east": {"uv": [3.25, 7.25, 3.75, 7.5], "texture": "#layer1", "tintindex": 1},
				"south": {"uv": [3.75, 7.25, 4.25, 7.5], "texture": "#layer1", "tintindex": 1},
				"up": {"uv": [3, 1.5, 2.5, 1], "texture": "#layer1", "tintindex": 1},
				"down": {"uv": [5.25, 6, 4.75, 6.5], "texture": "#layer1", "tintindex": 1}
			}
		},
		{
			"name": "hexadecagon",
			"from": [8.40326, 8.8, 7.1],
			"to": [9.69674, 9.7, 8.9],
			"rotation": {"angle": 45, "axis": "z", "origin": [9, 11.7, 7]},
			"faces": {
				"north": {"uv": [3.5, 8, 3.75, 8.25], "texture": "#layer1", "tintindex": 1},
				"east": {"uv": [1.5, 7.75, 2, 8], "texture": "#layer1", "tintindex": 1},
				"south": {"uv": [4.25, 8, 4.5, 8.25], "texture": "#layer1", "tintindex": 1},
				"up": {"uv": [4.75, 4.5, 4.5, 4], "texture": "#layer1", "tintindex": 1},
				"down": {"uv": [2.75, 7.75, 2.5, 8.25], "texture": "#layer1", "tintindex": 1}
			}
		},
		{
			"name": "hexadecagon",
			"from": [4.3, 11.20326, 7.4],
			"to": [5, 12.29674, 8.6],
			"rotation": {"angle": -22.5, "axis": "z", "origin": [7, 11.7, 7]},
			"faces": {
				"north": {"uv": [4.5, 8, 4.75, 8.25], "texture": "#layer1", "tintindex": 1},
				"east": {"uv": [4.75, 8, 5, 8.25], "texture": "#layer1", "tintindex": 1},
				"south": {"uv": [5, 8, 5.25, 8.25], "texture": "#layer1", "tintindex": 1},
				"west": {"uv": [5.75, 8, 6, 8.25], "texture": "#layer1", "tintindex": 1},
				"up": {"uv": [6.25, 8.25, 6, 8], "texture": "#layer1", "tintindex": 1}
			}
		},
		{
			"name": "hexadecagon",
			"from": [4.2, 11.20326, 7.3],
			"to": [5, 12.29674, 8.7],
			"rotation": {"angle": 0, "axis": "z", "origin": [7, 11.7, 7]},
			"faces": {
				"north": {"uv": [6.5, 8, 6.75, 8.25], "texture": "#layer1", "tintindex": 1},
				"east": {"uv": [6.75, 8, 7, 8.25], "texture": "#layer1", "tintindex": 1},
				"south": {"uv": [7, 8, 7.25, 8.25], "texture": "#layer1", "tintindex": 1},
				"west": {"uv": [7.25, 8, 7.5, 8.25], "texture": "#layer1", "tintindex": 1},
				"up": {"uv": [7.75, 8.25, 7.5, 8], "texture": "#layer1", "tintindex": 1},
				"down": {"uv": [8, 8, 7.75, 8.25], "texture": "#layer1", "tintindex": 1}
			}
		},
		{
			"name": "hexadecagon",
			"from": [4.1, 11.20326, 7.2],
			"to": [5, 12.29674, 8.8],
			"rotation": {"angle": 22.5, "axis": "z", "origin": [7, 11.7, 7]},
			"faces": {
				"north": {"uv": [8, 8, 8.25, 8.25], "texture": "#layer1", "tintindex": 1},
				"east": {"uv": [2.75, 7.75, 3.25, 8], "texture": "#layer1", "tintindex": 1},
				"south": {"uv": [8, 0, 8.25, 0.25], "texture": "#layer1", "tintindex": 1},
				"west": {"uv": [3.25, 7.75, 3.75, 8], "texture": "#layer1", "tintindex": 1},
				"up": {"uv": [4, 8.25, 3.75, 7.75], "texture": "#layer1", "tintindex": 1}
			}
		},
		{
			"name": "hexadecagon",
			"from": [11, 11.20326, 7.2],
			"to": [11.9, 12.29674, 8.8],
			"rotation": {"angle": -22.5, "axis": "z", "origin": [9, 11.7, 7]},
			"faces": {
				"north": {"uv": [8, 0.25, 8.25, 0.5], "texture": "#layer1", "tintindex": 1},
				"east": {"uv": [4.25, 7.75, 4.75, 8], "texture": "#layer1", "tintindex": 1},
				"south": {"uv": [8, 0.5, 8.25, 0.75], "texture": "#layer1", "tintindex": 1},
				"west": {"uv": [4.75, 7.75, 5.25, 8], "texture": "#layer1", "tintindex": 1},
				"up": {"uv": [5.5, 8.25, 5.25, 7.75], "texture": "#layer1", "tintindex": 1}
			}
		},
		{
			"name": "hexadecagon",
			"from": [11, 11.20326, 7.3],
			"to": [11.8, 12.29674, 8.7],
			"rotation": {"angle": 0, "axis": "z", "origin": [9, 11.7, 7]},
			"faces": {
				"north": {"uv": [8, 0.75, 8.25, 1], "texture": "#layer1", "tintindex": 1},
				"east": {"uv": [8, 1, 8.25, 1.25], "texture": "#layer1", "tintindex": 1},
				"south": {"uv": [8, 1.25, 8.25, 1.5], "texture": "#layer1", "tintindex": 1},
				"west": {"uv": [8, 1.5, 8.25, 1.75], "texture": "#layer1", "tintindex": 1},
				"up": {"uv": [8.25, 2, 8, 1.75], "texture": "#layer1", "tintindex": 1},
				"down": {"uv": [8.25, 2, 8, 2.25], "texture": "#layer1", "tintindex": 1}
			}
		},
		{
			"from": [10.65, 0, 10.65],
			"to": [13.65, 3, 13.65],
			"rotation": {"angle": 45, "axis": "y", "origin": [12.2, 0.5, 12.2]},
			"faces": {
				"north": {"uv": [3.75, 1.75, 4.5, 2.5], "texture": "#layer1", "tintindex": 1},
				"east": {"uv": [0, 4, 0.75, 4.75], "texture": "#layer1", "tintindex": 1},
				"south": {"uv": [0.75, 4, 1.5, 4.75], "texture": "#layer1", "tintindex": 1},
				"west": {"uv": [3, 4, 3.75, 4.75], "texture": "#layer1", "tintindex": 1},
				"up": {"uv": [4.5, 4.75, 3.75, 4], "texture": "#layer1", "tintindex": 1},
				"down": {"uv": [4.75, 0, 4, 0.75], "texture": "#layer1", "tintindex": 1}
			}
		},
		{
			"from": [10.65, 0, 2.35],
			"to": [13.65, 3, 5.35],
			"rotation": {"angle": 45, "axis": "y", "origin": [12.2, 0.5, 3.8]},
			"faces": {
				"north": {"uv": [4, 2.5, 4.75, 3.25], "texture": "#layer1", "tintindex": 1},
				"east": {"uv": [4, 3.25, 4.75, 4], "texture": "#layer1", "tintindex": 1},
				"south": {"uv": [4.25, 0.75, 5, 1.5], "texture": "#layer1", "tintindex": 1},
				"west": {"uv": [4.5, 4.5, 5.25, 5.25], "texture": "#layer1", "tintindex": 1},
				"up": {"uv": [5.25, 2.25, 4.5, 1.5], "texture": "#layer1", "tintindex": 1},
				"down": {"uv": [0.75, 4.75, 0, 5.5], "texture": "#layer1", "tintindex": 1}
			}
		},
		{
			"from": [2.35, 0, 2.35],
			"to": [5.35, 3.1, 5.35],
			"rotation": {"angle": 45, "axis": "y", "origin": [3.8, 0.5, 3.8]},
			"faces": {
				"north": {"uv": [0.75, 4.75, 1.5, 5.5], "texture": "#layer1", "tintindex": 1},
				"east": {"uv": [1.5, 4.75, 2.25, 5.5], "texture": "#layer1", "tintindex": 1},
				"south": {"uv": [2.25, 4.75, 3, 5.5], "texture": "#layer1", "tintindex": 1},
				"west": {"uv": [3, 4.75, 3.75, 5.5], "texture": "#layer1", "tintindex": 1},
				"up": {"uv": [4.5, 5.5, 3.75, 4.75], "texture": "#layer1", "tintindex": 1},
				"down": {"uv": [5.5, 0, 4.75, 0.75], "texture": "#layer1", "tintindex": 1}
			}
		},
		{
			"from": [2.35, 0, 10.65],
			"to": [5.35, 3, 13.65],
			"rotation": {"angle": 45, "axis": "y", "origin": [3.9, 0.5, 12.2]},
			"faces": {
				"north": {"uv": [4.75, 2.25, 5.5, 3], "texture": "#layer1", "tintindex": 1},
				"east": {"uv": [4.75, 3, 5.5, 3.75], "texture": "#layer1", "tintindex": 1},
				"south": {"uv": [4.75, 3.75, 5.5, 4.5], "texture": "#layer1", "tintindex": 1},
				"west": {"uv": [5, 0.75, 5.75, 1.5], "texture": "#layer1", "tintindex": 1},
				"up": {"uv": [5.25, 6, 4.5, 5.25], "texture": "#layer1", "tintindex": 1},
				"down": {"uv": [6, 5.25, 5.25, 6], "texture": "#layer1", "tintindex": 1}
			}
		}
	],
	"display": {
		"ground": {
			"translation": [0, 4.75, 0]
		},
		"head": {
			"translation": [0, -11.25, 0],
			"scale": [4, 4, 4]
		}
	}
}