{
  "parent": "item/generated",
  "textures": {
    "layer0": "custom/leather_chestplate",
    "layer1": "custom/leather_chestplate_overlay"
  },
  "overrides": [
    {
      "predicate": {
        "custom_model_data": 1
      },
      "model": "custom/leather_chestplate_1"
    },
    {
      "predicate": {
        "custom_model_data": 2
      },
      "model": "custom/leather_chestplate_2"
    },
    {
      "predicate": {
        "custom_model_data": 3
      },
      "model": "custom/leather_chestplate_3"
    },
    {
      "predicate": {
        "custom_model_data": 4
      },
      "model": "custom/leather_chestplate_4"
    },
    {
      "predicate": {
        "custom_model_data": 5
      },
      "model": "custom/leather_chestplate_5"
    },
    {
      "predicate": {
        "custom_model_data": 6
      },
      "model": "custom/leather_chestplate_6"
    },
    {
      "predicate": {
        "damaged": 1,
        "damage": 0.0
      },
      "model": "custom/leather_chestplate"
    }
  ]
}