{
"__comment": "Created by Droobledore with BDcraft Cubik PRO 0.93 Beta. Used with permission in NathanWolf's Magic plugin.",
"ambientocclusion": false,
"textures": {
    "texture": "items/custom/wand_wolf"
},
"elements": [ 
{
    "__comment": "Wolf",
    "from": [ 7.375, 1.75, 7.875 ],
    "to": [ 8.625, 2.125, 8 ],
    "faces": {
        "down":  { "uv": [ 8.624, 7.999, 7.376, 7.876 ], "texture": "#texture" },
        "up":    { "uv": [ 7.376, 7.876, 8.624, 7.999 ], "texture": "#texture" },
        "north": { "uv": [ 7.376, 13.876, 8.624, 14.249 ], "texture": "#texture" },
        "south": { "uv": [ 7.376, 13.876, 8.624, 14.249 ], "texture": "#texture" },
        "west":  { "uv": [ 7.876, 13.876, 7.999, 14.249 ], "texture": "#texture" },
        "east":  { "uv": [ 8.001, 13.876, 8.124, 14.249 ], "texture": "#texture" }
    }
},
{
    "__comment": "Wolf",
    "from": [ 7.375, 4.625, 7.875 ],
    "to": [ 8.625, 4.75, 8 ],
    "faces": {
        "down":  { "uv": [ 8.624, 7.999, 7.376, 7.876 ], "texture": "#texture" },
        "up":    { "uv": [ 7.376, 7.876, 8.624, 7.999 ], "texture": "#texture" },
        "north": { "uv": [ 7.376, 11.251, 8.624, 11.374 ], "texture": "#texture" },
        "south": { "uv": [ 7.376, 11.251, 8.624, 11.374 ], "texture": "#texture" },
        "west":  { "uv": [ 7.876, 11.251, 7.999, 11.374 ], "texture": "#texture" },
        "east":  { "uv": [ 8.001, 11.251, 8.124, 11.374 ], "texture": "#texture" }
    }
},
{
    "__comment": "Wolf",
    "from": [ 7.5, 1.375, 7.75 ],
    "to": [ 8.5, 1.75, 8 ],
    "faces": {
        "down":  { "uv": [ 8.499, 7.999, 7.501, 7.751 ], "texture": "#texture" },
        "up":    { "uv": [ 7.501, 7.751, 8.499, 7.999 ], "texture": "#texture" },
        "north": { "uv": [ 7.501, 14.251, 8.499, 14.624 ], "texture": "#texture" },
        "south": { "uv": [ 7.501, 14.251, 8.499, 14.624 ], "texture": "#texture" },
        "west":  { "uv": [ 7.751, 14.251, 7.999, 14.624 ], "texture": "#texture" },
        "east":  { "uv": [ 8.001, 14.251, 8.249, 14.624 ], "texture": "#texture" }
    }
},
{
    "__comment": "Wolf",
    "from": [ 7.5, 1.75, 7.75 ],
    "to": [ 8.5, 2.125, 7.875 ],
    "faces": {
        "up":    { "uv": [ 7.501, 7.751, 8.499, 7.874 ], "texture": "#texture" },
        "north": { "uv": [ 7.501, 13.876, 8.499, 14.249 ], "texture": "#texture" },
        "west":  { "uv": [ 7.751, 13.876, 7.874, 14.249 ], "texture": "#texture" },
        "east":  { "uv": [ 8.126, 13.876, 8.249, 14.249 ], "texture": "#texture" }
    }
},
{
    "__comment": "Wolf",
    "from": [ 7.5, 4.625, 7.75 ],
    "to": [ 8.5, 4.75, 7.875 ],
    "faces": {
        "down":  { "uv": [ 8.499, 7.874, 7.501, 7.751 ], "texture": "#texture" },
        "up":    { "uv": [ 7.501, 7.751, 8.499, 7.874 ], "texture": "#texture" },
        "north": { "uv": [ 7.501, 11.251, 8.499, 11.374 ], "texture": "#texture" },
        "west":  { "uv": [ 7.751, 11.251, 7.874, 11.374 ], "texture": "#texture" },
        "east":  { "uv": [ 8.126, 11.251, 8.249, 11.374 ], "texture": "#texture" }
    }
},
{
    "__comment": "Wolf",
    "from": [ 7.5, 2.125, 7.875 ],
    "to": [ 8.5, 2.25, 8.125 ],
    "faces": {
        "down":  { "uv": [ 8.499, 8.124, 7.501, 7.876 ], "texture": "#texture" },
        "up":    { "uv": [ 7.501, 7.876, 8.499, 8.124 ], "texture": "#texture" },
        "north": { "uv": [ 7.501, 13.751, 8.499, 13.874 ], "texture": "#texture" },
        "south": { "uv": [ 7.501, 13.751, 8.499, 13.874 ], "texture": "#texture" },
        "west":  { "uv": [ 7.876, 13.751, 8.124, 13.874 ], "texture": "#texture" },
        "east":  { "uv": [ 7.876, 13.751, 8.124, 13.874 ], "texture": "#texture" }
    }
},
{
    "__comment": "Wolf",
    "from": [ 7.5, 3.5, 7.875 ],
    "to": [ 8.5, 4.625, 8 ],
    "faces": {
        "down":  { "uv": [ 8.499, 7.999, 7.501, 7.876 ], "texture": "#texture" },
        "north": { "uv": [ 7.501, 11.376, 8.499, 12.499 ], "texture": "#texture" },
        "south": { "uv": [ 7.501, 11.376, 8.499, 12.499 ], "texture": "#texture" },
        "west":  { "uv": [ 7.876, 11.376, 7.999, 12.499 ], "texture": "#texture" },
        "east":  { "uv": [ 8.001, 11.376, 8.124, 12.499 ], "texture": "#texture" }
    }
},
{
    "__comment": "Wolf",
    "from": [ 7.5, 4.75, 7.875 ],
    "to": [ 8.5, 4.875, 8.125 ],
    "faces": {
        "down":  { "uv": [ 8.499, 8.124, 7.501, 7.876 ], "texture": "#texture" },
        "up":    { "uv": [ 7.501, 7.876, 8.499, 8.124 ], "texture": "#texture" },
        "north": { "uv": [ 7.501, 11.126, 8.499, 11.249 ], "texture": "#texture" },
        "south": { "uv": [ 7.501, 11.126, 8.499, 11.249 ], "texture": "#texture" },
        "west":  { "uv": [ 7.876, 11.126, 8.124, 11.249 ], "texture": "#texture" },
        "east":  { "uv": [ 7.876, 11.126, 8.124, 11.249 ], "texture": "#texture" }
    }
},
{
    "__comment": "Wolf",
    "from": [ 7.5, 4.875, 7.875 ],
    "to": [ 8.5, 5.125, 8 ],
    "faces": {
        "up":    { "uv": [ 7.501, 7.876, 8.499, 7.999 ], "texture": "#texture" },
        "north": { "uv": [ 7.501, 10.876, 8.499, 11.124 ], "texture": "#texture" },
        "south": { "uv": [ 7.501, 10.876, 8.499, 11.124 ], "texture": "#texture" },
        "west":  { "uv": [ 7.876, 10.876, 7.999, 11.124 ], "texture": "#texture" },
        "east":  { "uv": [ 8.001, 10.876, 8.124, 11.124 ], "texture": "#texture" }
    }
},
{
    "__comment": "Wolf",
    "from": [ 7.5, 1.5, 8 ],
    "to": [ 8.5, 2.125, 8.125 ],
    "faces": {
        "down":  { "uv": [ 8.499, 8.124, 7.501, 8.001 ], "texture": "#texture" },
        "north": { "uv": [ 7.501, 13.876, 8.499, 14.499 ], "texture": "#texture" },
        "south": { "uv": [ 7.501, 13.876, 8.499, 14.499 ], "texture": "#texture" },
        "west":  { "uv": [ 8.001, 13.876, 8.124, 14.499 ], "texture": "#texture" },
        "east":  { "uv": [ 7.876, 13.876, 7.999, 14.499 ], "texture": "#texture" }
    }
},
{
    "__comment": "Wolf",
    "from": [ 7.5, 4.25, 8 ],
    "to": [ 8.5, 4.75, 8.125 ],
    "faces": {
        "down":  { "uv": [ 8.499, 8.124, 7.501, 8.001 ], "texture": "#texture" },
        "north": { "uv": [ 7.501, 11.251, 8.499, 11.749 ], "texture": "#texture" },
        "south": { "uv": [ 7.501, 11.251, 8.499, 11.749 ], "texture": "#texture" },
        "west":  { "uv": [ 8.001, 11.251, 8.124, 11.749 ], "texture": "#texture" },
        "east":  { "uv": [ 7.876, 11.251, 7.999, 11.749 ], "texture": "#texture" }
    }
},
{
    "__comment": "Wolf",
    "from": [ 7.625, 0.75, 7.625 ],
    "to": [ 8.375, 1.375, 8.25 ],
    "faces": {
        "down":  { "uv": [ 8.374, 8.249, 7.626, 7.626 ], "texture": "#texture" },
        "up":    { "uv": [ 7.626, 7.626, 8.374, 8.249 ], "texture": "#texture" },
        "north": { "uv": [ 7.626, 14.626, 8.374, 15.249 ], "texture": "#texture" },
        "south": { "uv": [ 7.626, 14.626, 8.374, 15.249 ], "texture": "#texture" },
        "west":  { "uv": [ 1.999, 14.001, 0.001, 15.999 ], "texture": "#texture" },
        "east":  { "uv": [ 0.001, 14.001, 1.999, 15.999 ], "texture": "#texture" }
    }
},
{
    "__comment": "Wolf",
    "from": [ 7.625, 1.75, 7.625 ],
    "to": [ 8.375, 2.125, 7.75 ],
    "faces": {
        "down":  { "uv": [ 8.374, 7.749, 7.626, 7.626 ], "texture": "#texture" },
        "up":    { "uv": [ 7.626, 7.626, 8.374, 7.749 ], "texture": "#texture" },
        "north": { "uv": [ 7.626, 13.876, 8.374, 14.249 ], "texture": "#texture" },
        "west":  { "uv": [ 7.626, 13.876, 7.749, 14.249 ], "texture": "#texture" },
        "east":  { "uv": [ 8.251, 13.876, 8.374, 14.249 ], "texture": "#texture" }
    }
},
{
    "__comment": "Wolf",
    "from": [ 7.625, 4.625, 7.625 ],
    "to": [ 8.375, 4.75, 7.75 ],
    "faces": {
        "down":  { "uv": [ 8.374, 7.749, 7.626, 7.626 ], "texture": "#texture" },
        "up":    { "uv": [ 7.626, 7.626, 8.374, 7.749 ], "texture": "#texture" },
        "north": { "uv": [ 7.626, 11.251, 8.374, 11.374 ], "texture": "#texture" },
        "west":  { "uv": [ 7.626, 11.251, 7.749, 11.374 ], "texture": "#texture" },
        "east":  { "uv": [ 8.251, 11.251, 8.374, 11.374 ], "texture": "#texture" }
    }
},
{
    "__comment": "Wolf",
    "from": [ 7.625, 0.375, 7.75 ],
    "to": [ 8.375, 0.75, 8.125 ],
    "faces": {
        "down":  { "uv": [ 8.374, 8.124, 7.626, 7.751 ], "texture": "#texture" },
        "north": { "uv": [ 7.626, 15.251, 8.374, 15.624 ], "texture": "#texture" },
        "south": { "uv": [ 7.626, 15.251, 8.374, 15.624 ], "texture": "#texture" },
        "west":  { "uv": [ 7.751, 15.251, 8.124, 15.624 ], "texture": "#texture" },
        "east":  { "uv": [ 7.876, 15.251, 8.249, 15.624 ], "texture": "#texture" }
    }
},
{
    "__comment": "Wolf",
    "from": [ 7.625, 2.125, 7.75 ],
    "to": [ 8.375, 2.25, 7.875 ],
    "faces": {
        "up":    { "uv": [ 7.626, 7.751, 8.374, 7.874 ], "texture": "#texture" },
        "north": { "uv": [ 7.626, 13.751, 8.374, 13.874 ], "texture": "#texture" },
        "west":  { "uv": [ 7.751, 13.751, 7.874, 13.874 ], "texture": "#texture" },
        "east":  { "uv": [ 8.126, 13.751, 8.249, 13.874 ], "texture": "#texture" }
    }
},
{
    "__comment": "Wolf",
    "from": [ 7.625, 3.5, 7.75 ],
    "to": [ 8.375, 4.625, 7.875 ],
    "faces": {
        "down":  { "uv": [ 8.374, 7.874, 7.626, 7.751 ], "texture": "#texture" },
        "north": { "uv": [ 7.626, 11.376, 8.374, 12.499 ], "texture": "#texture" },
        "west":  { "uv": [ 7.751, 11.376, 7.874, 12.499 ], "texture": "#texture" },
        "east":  { "uv": [ 8.126, 11.376, 8.249, 12.499 ], "texture": "#texture" }
    }
},
{
    "__comment": "Wolf",
    "from": [ 7.625, 4.75, 7.75 ],
    "to": [ 8.375, 5.125, 7.875 ],
    "faces": {
        "up":    { "uv": [ 7.626, 7.751, 8.374, 7.874 ], "texture": "#texture" },
        "north": { "uv": [ 7.626, 10.876, 8.374, 11.249 ], "texture": "#texture" },
        "south": { "uv": [ 7.626, 10.876, 8.374, 11.249 ], "texture": "#texture" },
        "west":  { "uv": [ 7.751, 10.876, 7.874, 11.249 ], "texture": "#texture" },
        "east":  { "uv": [ 8.126, 10.876, 8.249, 11.249 ], "texture": "#texture" }
    }
},
{
    "__comment": "Wolf",
    "from": [ 7.625, 2.25, 7.875 ],
    "to": [ 8.375, 2.375, 8.125 ],
    "faces": {
        "up":    { "uv": [ 7.626, 7.876, 8.374, 8.124 ], "texture": "#texture" },
        "north": { "uv": [ 7.626, 13.626, 8.374, 13.749 ], "texture": "#texture" },
        "south": { "uv": [ 7.626, 13.626, 8.374, 13.749 ], "texture": "#texture" },
        "west":  { "uv": [ 7.876, 13.626, 8.124, 13.749 ], "texture": "#texture" },
        "east":  { "uv": [ 7.876, 13.626, 8.124, 13.749 ], "texture": "#texture" }
    }
},
{
    "__comment": "Wolf",
    "from": [ 7.625, 2.375, 7.875 ],
    "to": [ 8.375, 3.5, 8 ],
    "faces": {
        "north": { "uv": [ 7.626, 12.501, 8.374, 13.624 ], "texture": "#texture" },
        "south": { "uv": [ 7.626, 12.501, 8.374, 13.624 ], "texture": "#texture" },
        "west":  { "uv": [ 7.876, 12.501, 7.999, 13.624 ], "texture": "#texture" },
        "east":  { "uv": [ 8.001, 12.501, 8.124, 13.624 ], "texture": "#texture" }
    }
},
{
    "__comment": "Wolf",
    "from": [ 7.625, 5.125, 7.875 ],
    "to": [ 8.375, 5.25, 8.125 ],
    "faces": {
        "down":  { "uv": [ 8.374, 8.124, 7.626, 7.876 ], "texture": "#texture" },
        "up":    { "uv": [ 7.626, 7.876, 8.374, 8.124 ], "texture": "#texture" },
        "north": { "uv": [ 7.626, 10.751, 8.374, 10.874 ], "texture": "#texture" },
        "south": { "uv": [ 7.626, 10.751, 8.374, 10.874 ], "texture": "#texture" },
        "west":  { "uv": [ 7.876, 10.751, 8.124, 10.874 ], "texture": "#texture" },
        "east":  { "uv": [ 7.876, 10.751, 8.124, 10.874 ], "texture": "#texture" }
    }
},
{
    "__comment": "Wolf",
    "from": [ 7.625, 5.25, 7.875 ],
    "to": [ 8.375, 5.375, 8 ],
    "faces": {
        "up":    { "uv": [ 7.626, 7.876, 8.374, 7.999 ], "texture": "#texture" },
        "north": { "uv": [ 7.626, 10.626, 8.374, 10.749 ], "texture": "#texture" },
        "south": { "uv": [ 7.626, 10.626, 8.374, 10.749 ], "texture": "#texture" },
        "west":  { "uv": [ 7.876, 10.626, 7.999, 10.749 ], "texture": "#texture" },
        "east":  { "uv": [ 8.001, 10.626, 8.124, 10.749 ], "texture": "#texture" }
    }
},
{
    "__comment": "Wolf",
    "from": [ 7.625, 5.625, 7.875 ],
    "to": [ 8.375, 6.125, 8 ],
    "faces": {
        "down":  { "uv": [ 8.374, 7.999, 7.626, 7.876 ], "texture": "#texture" },
        "up":    { "uv": [ 7.626, 7.876, 8.374, 7.999 ], "texture": "#texture" },
        "north": { "uv": [ 7.626, 9.876, 8.374, 10.374 ], "texture": "#texture" },
        "south": { "uv": [ 7.626, 9.876, 8.374, 10.374 ], "texture": "#texture" },
        "west":  { "uv": [ 7.876, 9.876, 7.999, 10.374 ], "texture": "#texture" },
        "east":  { "uv": [ 8.001, 9.876, 8.124, 10.374 ], "texture": "#texture" }
    }
},
{
    "__comment": "Wolf",
    "from": [ 7.625, 1.375, 8 ],
    "to": [ 8.375, 1.5, 8.5 ],
    "faces": {
        "down":  { "uv": [ 8.374, 8.499, 7.626, 8.001 ], "texture": "#texture" },
        "up":    { "uv": [ 7.626, 8.001, 8.374, 8.499 ], "texture": "#texture" },
        "south": { "uv": [ 7.626, 14.501, 8.374, 14.624 ], "texture": "#texture" },
        "west":  { "uv": [ 8.001, 14.501, 8.499, 14.624 ], "texture": "#texture" },
        "east":  { "uv": [ 7.501, 14.501, 7.999, 14.624 ], "texture": "#texture" }
    }
},
{
    "__comment": "Wolf",
    "from": [ 7.625, 3.125, 8 ],
    "to": [ 8.375, 4.25, 8.125 ],
    "faces": {
        "down":  { "uv": [ 8.374, 8.124, 7.626, 8.001 ], "texture": "#texture" },
        "north": { "uv": [ 7.626, 11.751, 8.374, 12.874 ], "texture": "#texture" },
        "south": { "uv": [ 7.626, 11.751, 8.374, 12.874 ], "texture": "#texture" },
        "west":  { "uv": [ 8.001, 11.751, 8.124, 12.874 ], "texture": "#texture" },
        "east":  { "uv": [ 7.876, 11.751, 7.999, 12.874 ], "texture": "#texture" }
    }
},
{
    "__comment": "Wolf",
    "from": [ 7.625, 4.875, 8 ],
    "to": [ 8.375, 5.125, 8.125 ],
    "faces": {
        "south": { "uv": [ 7.626, 10.876, 8.374, 11.124 ], "texture": "#texture" },
        "west":  { "uv": [ 8.001, 10.876, 8.124, 11.124 ], "texture": "#texture" },
        "east":  { "uv": [ 7.876, 10.876, 7.999, 11.124 ], "texture": "#texture" }
    }
},
{
    "__comment": "Wolf",
    "from": [ 7.625, 5.75, 8 ],
    "to": [ 8.375, 6, 8.125 ],
    "faces": {
        "down":  { "uv": [ 8.374, 8.124, 7.626, 8.001 ], "texture": "#texture" },
        "up":    { "uv": [ 7.626, 8.001, 8.374, 8.124 ], "texture": "#texture" },
        "south": { "uv": [ 7.626, 10.001, 8.374, 10.249 ], "texture": "#texture" },
        "west":  { "uv": [ 8.001, 10.001, 8.124, 10.249 ], "texture": "#texture" },
        "east":  { "uv": [ 7.876, 10.001, 7.999, 10.249 ], "texture": "#texture" }
    }
},
{
    "__comment": "Wolf",
    "from": [ 7.625, 1.5, 8.125 ],
    "to": [ 8.375, 2.25, 8.25 ],
    "faces": {
        "up":    { "uv": [ 7.626, 8.126, 8.374, 8.249 ], "texture": "#texture" },
        "north": { "uv": [ 7.626, 13.751, 8.374, 14.499 ], "texture": "#texture" },
        "south": { "uv": [ 7.626, 13.751, 8.374, 14.499 ], "texture": "#texture" },
        "west":  { "uv": [ 8.126, 13.751, 8.249, 14.499 ], "texture": "#texture" },
        "east":  { "uv": [ 7.751, 13.751, 7.874, 14.499 ], "texture": "#texture" }
    }
},
{
    "__comment": "Wolf",
    "from": [ 7.625, 4.25, 8.125 ],
    "to": [ 8.375, 4.875, 8.25 ],
    "faces": {
        "down":  { "uv": [ 8.374, 8.249, 7.626, 8.126 ], "texture": "#texture" },
        "up":    { "uv": [ 7.626, 8.126, 8.374, 8.249 ], "texture": "#texture" },
        "north": { "uv": [ 7.626, 11.126, 8.374, 11.749 ], "texture": "#texture" },
        "south": { "uv": [ 7.626, 11.126, 8.374, 11.749 ], "texture": "#texture" },
        "west":  { "uv": [ 8.126, 11.126, 8.249, 11.749 ], "texture": "#texture" },
        "east":  { "uv": [ 7.751, 11.126, 7.874, 11.749 ], "texture": "#texture" }
    }
},
{
    "__comment": "Wolf",
    "from": [ 7.625, 1.125, 8.25 ],
    "to": [ 8.375, 1.375, 8.375 ],
    "faces": {
        "down":  { "uv": [ 8.374, 8.374, 7.626, 8.251 ], "texture": "#texture" },
        "south": { "uv": [ 7.626, 14.626, 8.374, 14.874 ], "texture": "#texture" },
        "west":  { "uv": [ 8.251, 14.626, 8.374, 14.874 ], "texture": "#texture" },
        "east":  { "uv": [ 7.626, 14.626, 7.749, 14.874 ], "texture": "#texture" }
    }
},
{
    "__comment": "Wolf",
    "from": [ 7.75, 1.75, 7.5 ],
    "to": [ 8.25, 2.125, 7.625 ],
    "faces": {
        "down":  { "uv": [ 8.249, 7.624, 7.751, 7.501 ], "texture": "#texture" },
        "up":    { "uv": [ 7.751, 7.501, 8.249, 7.624 ], "texture": "#texture" },
        "north": { "uv": [ 7.751, 13.876, 8.249, 14.249 ], "texture": "#texture" },
        "west":  { "uv": [ 7.501, 13.876, 7.624, 14.249 ], "texture": "#texture" },
        "east":  { "uv": [ 8.376, 13.876, 8.499, 14.249 ], "texture": "#texture" }
    }
},
{
    "__comment": "Wolf",
    "from": [ 7.75, 4.625, 7.5 ],
    "to": [ 8.25, 4.75, 7.625 ],
    "faces": {
        "down":  { "uv": [ 8.249, 7.624, 7.751, 7.501 ], "texture": "#texture" },
        "up":    { "uv": [ 7.751, 7.501, 8.249, 7.624 ], "texture": "#texture" },
        "north": { "uv": [ 7.751, 11.251, 8.249, 11.374 ], "texture": "#texture" },
        "west":  { "uv": [ 7.501, 11.251, 7.624, 11.374 ], "texture": "#texture" },
        "east":  { "uv": [ 8.376, 11.251, 8.499, 11.374 ], "texture": "#texture" }
    }
},
{
    "__comment": "Wolf",
    "from": [ 7.75, 1.375, 7.625 ],
    "to": [ 8.25, 1.75, 7.75 ],
    "faces": {
        "north": { "uv": [ 7.751, 14.251, 8.249, 14.624 ], "texture": "#texture" },
        "west":  { "uv": [ 7.626, 14.251, 7.749, 14.624 ], "texture": "#texture" },
        "east":  { "uv": [ 8.251, 14.251, 8.374, 14.624 ], "texture": "#texture" }
    }
},
{
    "__comment": "Wolf",
    "from": [ 7.75, 2.125, 7.625 ],
    "to": [ 8.25, 2.25, 7.75 ],
    "faces": {
        "up":    { "uv": [ 7.751, 7.626, 8.249, 7.749 ], "texture": "#texture" },
        "north": { "uv": [ 7.751, 13.751, 8.249, 13.874 ], "texture": "#texture" },
        "west":  { "uv": [ 7.626, 13.751, 7.749, 13.874 ], "texture": "#texture" },
        "east":  { "uv": [ 8.251, 13.751, 8.374, 13.874 ], "texture": "#texture" }
    }
},
{
    "__comment": "Wolf",
    "from": [ 7.75, 3.5, 7.625 ],
    "to": [ 8.25, 4.625, 7.75 ],
    "faces": {
        "down":  { "uv": [ 8.249, 7.749, 7.751, 7.626 ], "texture": "#texture" },
        "north": { "uv": [ 7.751, 11.376, 8.249, 12.499 ], "texture": "#texture" },
        "west":  { "uv": [ 7.626, 11.376, 7.749, 12.499 ], "texture": "#texture" },
        "east":  { "uv": [ 8.251, 11.376, 8.374, 12.499 ], "texture": "#texture" }
    }
},
{
    "__comment": "Wolf",
    "from": [ 7.75, 4.75, 7.625 ],
    "to": [ 8.25, 5.125, 7.75 ],
    "faces": {
        "up":    { "uv": [ 7.751, 7.626, 8.249, 7.749 ], "texture": "#texture" },
        "north": { "uv": [ 7.751, 10.876, 8.249, 11.249 ], "texture": "#texture" },
        "west":  { "uv": [ 7.626, 10.876, 7.749, 11.249 ], "texture": "#texture" },
        "east":  { "uv": [ 8.251, 10.876, 8.374, 11.249 ], "texture": "#texture" }
    }
},
{
    "__comment": "Wolf",
    "from": [ 7.75, 0.25, 7.75 ],
    "to": [ 8.25, 0.375, 8.125 ],
    "faces": {
        "down":  { "uv": [ 8.249, 8.124, 7.751, 7.751 ], "texture": "#texture" },
        "north": { "uv": [ 7.751, 15.626, 8.249, 15.749 ], "texture": "#texture" },
        "south": { "uv": [ 7.751, 15.626, 8.249, 15.749 ], "texture": "#texture" },
        "west":  { "uv": [ 7.751, 15.626, 8.124, 15.749 ], "texture": "#texture" },
        "east":  { "uv": [ 7.876, 15.626, 8.249, 15.749 ], "texture": "#texture" }
    }
},
{
    "__comment": "Wolf",
    "from": [ 7.75, 2.25, 7.75 ],
    "to": [ 8.25, 3.5, 7.875 ],
    "faces": {
        "north": { "uv": [ 7.751, 12.501, 8.249, 13.749 ], "texture": "#texture" },
        "south": { "uv": [ 7.751, 12.501, 8.249, 13.749 ], "texture": "#texture" },
        "west":  { "uv": [ 7.751, 12.501, 7.874, 13.749 ], "texture": "#texture" },
        "east":  { "uv": [ 8.126, 12.501, 8.249, 13.749 ], "texture": "#texture" }
    }
},
{
    "__comment": "Wolf",
    "from": [ 7.75, 5.125, 7.75 ],
    "to": [ 8.25, 5.375, 7.875 ],
    "faces": {
        "up":    { "uv": [ 7.751, 7.751, 8.249, 7.874 ], "texture": "#texture" },
        "north": { "uv": [ 7.751, 10.626, 8.249, 10.874 ], "texture": "#texture" },
        "south": { "uv": [ 7.751, 10.626, 8.249, 10.874 ], "texture": "#texture" },
        "west":  { "uv": [ 7.751, 10.626, 7.874, 10.874 ], "texture": "#texture" },
        "east":  { "uv": [ 8.126, 10.626, 8.249, 10.874 ], "texture": "#texture" }
    }
},
{
    "__comment": "Wolf",
    "from": [ 7.75, 5.625, 7.75 ],
    "to": [ 8.25, 6.125, 7.875 ],
    "faces": {
        "down":  { "uv": [ 8.249, 7.874, 7.751, 7.751 ], "texture": "#texture" },
        "up":    { "uv": [ 7.751, 7.751, 8.249, 7.874 ], "texture": "#texture" },
        "north": { "uv": [ 7.751, 9.876, 8.249, 10.374 ], "texture": "#texture" },
        "west":  { "uv": [ 7.751, 9.876, 7.874, 10.374 ], "texture": "#texture" },
        "east":  { "uv": [ 8.126, 9.876, 8.249, 10.374 ], "texture": "#texture" }
    }
},
{
    "__comment": "Wolf",
    "from": [ 7.75, 0.125, 7.875 ],
    "to": [ 8.25, 0.25, 8 ],
    "faces": {
        "down":  { "uv": [ 8.249, 7.999, 7.751, 7.876 ], "texture": "#texture" },
        "north": { "uv": [ 7.751, 15.751, 8.249, 15.874 ], "texture": "#texture" },
        "south": { "uv": [ 7.751, 15.751, 8.249, 15.874 ], "texture": "#texture" },
        "west":  { "uv": [ 7.876, 15.751, 7.999, 15.874 ], "texture": "#texture" },
        "east":  { "uv": [ 8.001, 15.751, 8.124, 15.874 ], "texture": "#texture" }
    }
},
{
    "__comment": "Wolf",
    "from": [ 7.75, 5.375, 7.875 ],
    "to": [ 8.25, 5.625, 8.125 ],
    "faces": {
        "down":  { "uv": [ 8.249, 8.124, 7.751, 7.876 ], "texture": "#texture" },
        "up":    { "uv": [ 7.751, 7.876, 8.249, 8.124 ], "texture": "#texture" },
        "north": { "uv": [ 7.751, 10.376, 8.249, 10.624 ], "texture": "#texture" },
        "south": { "uv": [ 7.751, 10.376, 8.249, 10.624 ], "texture": "#texture" },
        "west":  { "uv": [ 7.876, 10.376, 8.124, 10.624 ], "texture": "#texture" },
        "east":  { "uv": [ 7.876, 10.376, 8.124, 10.624 ], "texture": "#texture" }
    }
},
{
    "__comment": "Wolf",
    "from": [ 7.75, 6.125, 7.875 ],
    "to": [ 8.25, 6.625, 8 ],
    "faces": {
        "up":    { "uv": [ 7.751, 7.876, 8.249, 7.999 ], "texture": "#texture" },
        "north": { "uv": [ 7.751, 9.376, 8.249, 9.874 ], "texture": "#texture" },
        "south": { "uv": [ 7.751, 9.376, 8.249, 9.874 ], "texture": "#texture" },
        "west":  { "uv": [ 7.876, 9.376, 7.999, 9.874 ], "texture": "#texture" },
        "east":  { "uv": [ 8.001, 9.376, 8.124, 9.874 ], "texture": "#texture" }
    }
},
{
    "__comment": "Wolf",
    "from": [ 7.75, 9.375, 7.875 ],
    "to": [ 8.25, 9.875, 8 ],
    "faces": {
        "down":  { "uv": [ 8.249, 7.999, 7.751, 7.876 ], "texture": "#texture" },
        "up":    { "uv": [ 7.751, 7.876, 8.249, 7.999 ], "texture": "#texture" },
        "north": { "uv": [ 7.751, 6.126, 8.249, 6.624 ], "texture": "#texture" },
        "south": { "uv": [ 7.751, 6.126, 8.249, 6.624 ], "texture": "#texture" },
        "west":  { "uv": [ 7.876, 6.126, 7.999, 6.624 ], "texture": "#texture" },
        "east":  { "uv": [ 8.001, 6.126, 8.124, 6.624 ], "texture": "#texture" }
    }
},
{
    "__comment": "Wolf",
    "from": [ 7.75, 11.5, 7.875 ],
    "to": [ 8.25, 11.75, 8 ],
    "faces": {
        "down":  { "uv": [ 8.249, 7.999, 7.751, 7.876 ], "texture": "#texture" },
        "up":    { "uv": [ 7.751, 7.876, 8.249, 7.999 ], "texture": "#texture" },
        "north": { "uv": [ 7.751, 4.251, 8.249, 4.499 ], "texture": "#texture" },
        "south": { "uv": [ 7.751, 4.251, 8.249, 4.499 ], "texture": "#texture" },
        "west":  { "uv": [ 7.876, 4.251, 7.999, 4.499 ], "texture": "#texture" },
        "east":  { "uv": [ 8.001, 4.251, 8.124, 4.499 ], "texture": "#texture" }
    }
},
{
    "__comment": "Wolf",
    "from": [ 7.75, 2.375, 8 ],
    "to": [ 8.25, 3.125, 8.125 ],
    "faces": {
        "south": { "uv": [ 7.751, 12.876, 8.249, 13.624 ], "texture": "#texture" },
        "west":  { "uv": [ 8.001, 12.876, 8.124, 13.624 ], "texture": "#texture" },
        "east":  { "uv": [ 7.876, 12.876, 7.999, 13.624 ], "texture": "#texture" }
    }
},
{
    "__comment": "Wolf",
    "from": [ 7.75, 5.25, 8 ],
    "to": [ 8.25, 5.375, 8.125 ],
    "faces": {
        "south": { "uv": [ 7.751, 10.626, 8.249, 10.749 ], "texture": "#texture" },
        "west":  { "uv": [ 8.001, 10.626, 8.124, 10.749 ], "texture": "#texture" },
        "east":  { "uv": [ 7.876, 10.626, 7.999, 10.749 ], "texture": "#texture" }
    }
},
{
    "__comment": "Wolf",
    "from": [ 7.75, 5.625, 8 ],
    "to": [ 8.25, 5.75, 8.125 ],
    "faces": {
        "south": { "uv": [ 7.751, 10.251, 8.249, 10.374 ], "texture": "#texture" },
        "west":  { "uv": [ 8.001, 10.251, 8.124, 10.374 ], "texture": "#texture" },
        "east":  { "uv": [ 7.876, 10.251, 7.999, 10.374 ], "texture": "#texture" }
    }
},
{
    "__comment": "Wolf",
    "from": [ 7.75, 6, 8 ],
    "to": [ 8.25, 6.125, 8.125 ],
    "faces": {
        "up":    { "uv": [ 7.751, 8.001, 8.249, 8.124 ], "texture": "#texture" },
        "south": { "uv": [ 7.751, 9.876, 8.249, 9.999 ], "texture": "#texture" },
        "west":  { "uv": [ 8.001, 9.876, 8.124, 9.999 ], "texture": "#texture" },
        "east":  { "uv": [ 7.876, 9.876, 7.999, 9.999 ], "texture": "#texture" }
    }
},
{
    "__comment": "Wolf",
    "from": [ 7.75, 6.75, 8 ],
    "to": [ 8.25, 9.125, 8.125 ],
    "faces": {
        "down":  { "uv": [ 8.249, 8.124, 7.751, 8.001 ], "texture": "#texture" },
        "up":    { "uv": [ 7.751, 8.001, 8.249, 8.124 ], "texture": "#texture" },
        "north": { "uv": [ 7.751, 6.876, 8.249, 9.249 ], "texture": "#texture" },
        "south": { "uv": [ 7.751, 6.876, 8.249, 9.249 ], "texture": "#texture" },
        "west":  { "uv": [ 8.001, 6.876, 8.124, 9.249 ], "texture": "#texture" },
        "east":  { "uv": [ 7.876, 6.876, 7.999, 9.249 ], "texture": "#texture" }
    }
},
{
    "__comment": "Wolf",
    "from": [ 7.75, 2.25, 8.125 ],
    "to": [ 8.25, 2.375, 8.25 ],
    "faces": {
        "up":    { "uv": [ 7.751, 8.126, 8.249, 8.249 ], "texture": "#texture" },
        "south": { "uv": [ 7.751, 13.626, 8.249, 13.749 ], "texture": "#texture" },
        "west":  { "uv": [ 8.126, 13.626, 8.249, 13.749 ], "texture": "#texture" },
        "east":  { "uv": [ 7.751, 13.626, 7.874, 13.749 ], "texture": "#texture" }
    }
},
{
    "__comment": "Wolf",
    "from": [ 7.75, 3.125, 8.125 ],
    "to": [ 8.25, 4.25, 8.25 ],
    "faces": {
        "down":  { "uv": [ 8.249, 8.249, 7.751, 8.126 ], "texture": "#texture" },
        "south": { "uv": [ 7.751, 11.751, 8.249, 12.874 ], "texture": "#texture" },
        "west":  { "uv": [ 8.126, 11.751, 8.249, 12.874 ], "texture": "#texture" },
        "east":  { "uv": [ 7.751, 11.751, 7.874, 12.874 ], "texture": "#texture" }
    }
},
{
    "__comment": "Wolf",
    "from": [ 7.75, 4.875, 8.125 ],
    "to": [ 8.25, 5.25, 8.25 ],
    "faces": {
        "up":    { "uv": [ 7.751, 8.126, 8.249, 8.249 ], "texture": "#texture" },
        "north": { "uv": [ 7.751, 10.751, 8.249, 11.124 ], "texture": "#texture" },
        "south": { "uv": [ 7.751, 10.751, 8.249, 11.124 ], "texture": "#texture" },
        "west":  { "uv": [ 8.126, 10.751, 8.249, 11.124 ], "texture": "#texture" },
        "east":  { "uv": [ 7.751, 10.751, 7.874, 11.124 ], "texture": "#texture" }
    }
},
{
    "__comment": "Wolf",
    "from": [ 7.75, 5.75, 8.125 ],
    "to": [ 8.25, 6, 8.25 ],
    "faces": {
        "down":  { "uv": [ 8.249, 8.249, 7.751, 8.126 ], "texture": "#texture" },
        "up":    { "uv": [ 7.751, 8.126, 8.249, 8.249 ], "texture": "#texture" },
        "south": { "uv": [ 7.751, 10.001, 8.249, 10.249 ], "texture": "#texture" },
        "west":  { "uv": [ 8.126, 10.001, 8.249, 10.249 ], "texture": "#texture" },
        "east":  { "uv": [ 7.751, 10.001, 7.874, 10.249 ], "texture": "#texture" }
    }
},
{
    "__comment": "Wolf",
    "from": [ 7.75, 0.875, 8.25 ],
    "to": [ 8.25, 1.125, 8.375 ],
    "faces": {
        "down":  { "uv": [ 8.249, 8.374, 7.751, 8.251 ], "texture": "#texture" },
        "south": { "uv": [ 7.751, 14.876, 8.249, 15.124 ], "texture": "#texture" },
        "west":  { "uv": [ 8.251, 14.876, 8.374, 15.124 ], "texture": "#texture" },
        "east":  { "uv": [ 7.626, 14.876, 7.749, 15.124 ], "texture": "#texture" }
    }
},
{
    "__comment": "Wolf",
    "from": [ 7.75, 1.5, 8.25 ],
    "to": [ 8.25, 2.25, 8.375 ],
    "faces": {
        "up":    { "uv": [ 7.751, 8.251, 8.249, 8.374 ], "texture": "#texture" },
        "south": { "uv": [ 7.751, 13.751, 8.249, 14.499 ], "texture": "#texture" },
        "west":  { "uv": [ 8.251, 13.751, 8.374, 14.499 ], "texture": "#texture" },
        "east":  { "uv": [ 7.626, 13.751, 7.749, 14.499 ], "texture": "#texture" }
    }
},
{
    "__comment": "Wolf",
    "from": [ 7.75, 4.25, 8.25 ],
    "to": [ 8.25, 4.875, 8.375 ],
    "faces": {
        "down":  { "uv": [ 8.249, 8.374, 7.751, 8.251 ], "texture": "#texture" },
        "up":    { "uv": [ 7.751, 8.251, 8.249, 8.374 ], "texture": "#texture" },
        "south": { "uv": [ 7.751, 11.126, 8.249, 11.749 ], "texture": "#texture" },
        "west":  { "uv": [ 8.251, 11.126, 8.374, 11.749 ], "texture": "#texture" },
        "east":  { "uv": [ 7.626, 11.126, 7.749, 11.749 ], "texture": "#texture" }
    }
},
{
    "__comment": "Wolf",
    "from": [ 7.75, 1.25, 8.375 ],
    "to": [ 8.25, 1.375, 8.5 ],
    "faces": {
        "down":  { "uv": [ 8.249, 8.499, 7.751, 8.376 ], "texture": "#texture" },
        "south": { "uv": [ 7.751, 14.626, 8.249, 14.749 ], "texture": "#texture" },
        "west":  { "uv": [ 8.376, 14.626, 8.499, 14.749 ], "texture": "#texture" },
        "east":  { "uv": [ 7.501, 14.626, 7.624, 14.749 ], "texture": "#texture" }
    }
},
{
    "__comment": "Wolf",
    "from": [ 7.875, 1.75, 7.375 ],
    "to": [ 8.125, 2.125, 7.5 ],
    "faces": {
        "down":  { "uv": [ 8.124, 7.499, 7.876, 7.376 ], "texture": "#texture" },
        "up":    { "uv": [ 7.876, 7.376, 8.124, 7.499 ], "texture": "#texture" },
        "north": { "uv": [ 7.876, 13.876, 8.124, 14.249 ], "texture": "#texture" },
        "west":  { "uv": [ 7.376, 13.876, 7.499, 14.249 ], "texture": "#texture" },
        "east":  { "uv": [ 8.501, 13.876, 8.624, 14.249 ], "texture": "#texture" }
    }
},
{
    "__comment": "Wolf",
    "from": [ 7.875, 4.625, 7.375 ],
    "to": [ 8.125, 4.75, 7.5 ],
    "faces": {
        "down":  { "uv": [ 8.124, 7.499, 7.876, 7.376 ], "texture": "#texture" },
        "up":    { "uv": [ 7.876, 7.376, 8.124, 7.499 ], "texture": "#texture" },
        "north": { "uv": [ 7.876, 11.251, 8.124, 11.374 ], "texture": "#texture" },
        "west":  { "uv": [ 7.376, 11.251, 7.499, 11.374 ], "texture": "#texture" },
        "east":  { "uv": [ 8.501, 11.251, 8.624, 11.374 ], "texture": "#texture" }
    }
},
{
    "__comment": "Wolf",
    "from": [ 7.875, 1, 7.5 ],
    "to": [ 8.125, 1.125, 7.625 ],
    "faces": {
        "down":  { "uv": [ 8.124, 7.624, 7.876, 7.501 ], "texture": "#texture" },
        "up":    { "uv": [ 7.876, 7.501, 8.124, 7.624 ], "texture": "#texture" },
        "north": { "uv": [ 7.876, 14.876, 8.124, 14.999 ], "texture": "#texture" },
        "west":  { "uv": [ 7.501, 14.876, 7.624, 14.999 ], "texture": "#texture" },
        "east":  { "uv": [ 8.376, 14.876, 8.499, 14.999 ], "texture": "#texture" }
    }
},
{
    "__comment": "Wolf",
    "from": [ 7.875, 1.25, 7.5 ],
    "to": [ 8.125, 1.75, 7.625 ],
    "faces": {
        "down":  { "uv": [ 8.124, 7.624, 7.876, 7.501 ], "texture": "#texture" },
        "north": { "uv": [ 7.876, 14.251, 8.124, 14.749 ], "texture": "#texture" },
        "south": { "uv": [ 7.876, 14.251, 8.124, 14.749 ], "texture": "#texture" },
        "west":  { "uv": [ 7.501, 14.251, 7.624, 14.749 ], "texture": "#texture" },
        "east":  { "uv": [ 8.376, 14.251, 8.499, 14.749 ], "texture": "#texture" }
    }
},
{
    "__comment": "Wolf",
    "from": [ 7.875, 2.125, 7.5 ],
    "to": [ 8.125, 2.25, 7.625 ],
    "faces": {
        "up":    { "uv": [ 7.876, 7.501, 8.124, 7.624 ], "texture": "#texture" },
        "north": { "uv": [ 7.876, 13.751, 8.124, 13.874 ], "texture": "#texture" },
        "west":  { "uv": [ 7.501, 13.751, 7.624, 13.874 ], "texture": "#texture" },
        "east":  { "uv": [ 8.376, 13.751, 8.499, 13.874 ], "texture": "#texture" }
    }
},
{
    "__comment": "Wolf",
    "from": [ 7.875, 3.5, 7.5 ],
    "to": [ 8.125, 4.625, 7.625 ],
    "faces": {
        "down":  { "uv": [ 8.124, 7.624, 7.876, 7.501 ], "texture": "#texture" },
        "north": { "uv": [ 7.876, 11.376, 8.124, 12.499 ], "texture": "#texture" },
        "west":  { "uv": [ 7.501, 11.376, 7.624, 12.499 ], "texture": "#texture" },
        "east":  { "uv": [ 8.376, 11.376, 8.499, 12.499 ], "texture": "#texture" }
    }
},
{
    "__comment": "Wolf",
    "from": [ 7.875, 4.75, 7.5 ],
    "to": [ 8.125, 5.125, 7.625 ],
    "faces": {
        "up":    { "uv": [ 7.876, 7.501, 8.124, 7.624 ], "texture": "#texture" },
        "north": { "uv": [ 7.876, 10.876, 8.124, 11.249 ], "texture": "#texture" },
        "west":  { "uv": [ 7.501, 10.876, 7.624, 11.249 ], "texture": "#texture" },
        "east":  { "uv": [ 8.376, 10.876, 8.499, 11.249 ], "texture": "#texture" }
    }
},
{
    "__comment": "Wolf",
    "from": [ 7.875, 0.625, 7.625 ],
    "to": [ 8.125, 0.75, 7.75 ],
    "faces": {
        "down":  { "uv": [ 8.124, 7.749, 7.876, 7.626 ], "texture": "#texture" },
        "north": { "uv": [ 7.876, 15.251, 8.124, 15.374 ], "texture": "#texture" },
        "west":  { "uv": [ 7.626, 15.251, 7.749, 15.374 ], "texture": "#texture" },
        "east":  { "uv": [ 8.251, 15.251, 8.374, 15.374 ], "texture": "#texture" }
    }
},
{
    "__comment": "Wolf",
    "from": [ 7.875, 2.25, 7.625 ],
    "to": [ 8.125, 3.5, 7.75 ],
    "faces": {
        "north": { "uv": [ 7.876, 12.501, 8.124, 13.749 ], "texture": "#texture" },
        "west":  { "uv": [ 7.626, 12.501, 7.749, 13.749 ], "texture": "#texture" },
        "east":  { "uv": [ 8.251, 12.501, 8.374, 13.749 ], "texture": "#texture" }
    }
},
{
    "__comment": "Wolf",
    "from": [ 7.875, 5.125, 7.625 ],
    "to": [ 8.125, 5.375, 7.75 ],
    "faces": {
        "up":    { "uv": [ 7.876, 7.626, 8.124, 7.749 ], "texture": "#texture" },
        "north": { "uv": [ 7.876, 10.626, 8.124, 10.874 ], "texture": "#texture" },
        "west":  { "uv": [ 7.626, 10.626, 7.749, 10.874 ], "texture": "#texture" },
        "east":  { "uv": [ 8.251, 10.626, 8.374, 10.874 ], "texture": "#texture" }
    }
},
{
    "__comment": "Wolf",
    "from": [ 7.875, 5.625, 7.625 ],
    "to": [ 8.125, 6.125, 7.75 ],
    "faces": {
        "down":  { "uv": [ 8.124, 7.749, 7.876, 7.626 ], "texture": "#texture" },
        "up":    { "uv": [ 7.876, 7.626, 8.124, 7.749 ], "texture": "#texture" },
        "north": { "uv": [ 7.876, 9.876, 8.124, 10.374 ], "texture": "#texture" },
        "west":  { "uv": [ 7.626, 9.876, 7.749, 10.374 ], "texture": "#texture" },
        "east":  { "uv": [ 8.251, 9.876, 8.374, 10.374 ], "texture": "#texture" }
    }
},
{
    "__comment": "Wolf",
    "from": [ 7.875, 0.125, 7.75 ],
    "to": [ 8.125, 0.25, 7.875 ],
    "faces": {
        "down":  { "uv": [ 8.124, 7.874, 7.876, 7.751 ], "texture": "#texture" },
        "north": { "uv": [ 7.876, 15.751, 8.124, 15.874 ], "texture": "#texture" },
        "west":  { "uv": [ 7.751, 15.751, 7.874, 15.874 ], "texture": "#texture" },
        "east":  { "uv": [ 8.126, 15.751, 8.249, 15.874 ], "texture": "#texture" }
    }
},
{
    "__comment": "Wolf",
    "from": [ 7.875, 5.375, 7.75 ],
    "to": [ 8.125, 5.625, 7.875 ],
    "faces": {
        "north": { "uv": [ 7.876, 10.376, 8.124, 10.624 ], "texture": "#texture" },
        "west":  { "uv": [ 7.751, 10.376, 7.874, 10.624 ], "texture": "#texture" },
        "east":  { "uv": [ 8.126, 10.376, 8.249, 10.624 ], "texture": "#texture" }
    }
},
{
    "__comment": "Wolf",
    "from": [ 7.875, 6.125, 7.75 ],
    "to": [ 8.125, 6.625, 7.875 ],
    "faces": {
        "up":    { "uv": [ 7.876, 7.751, 8.124, 7.874 ], "texture": "#texture" },
        "north": { "uv": [ 7.876, 9.376, 8.124, 9.874 ], "texture": "#texture" },
        "west":  { "uv": [ 7.751, 9.376, 7.874, 9.874 ], "texture": "#texture" },
        "east":  { "uv": [ 8.126, 9.376, 8.249, 9.874 ], "texture": "#texture" }
    }
},
{
    "__comment": "Wolf",
    "from": [ 7.875, 9.375, 7.75 ],
    "to": [ 8.125, 11.75, 7.875 ],
    "faces": {
        "down":  { "uv": [ 8.124, 7.874, 7.876, 7.751 ], "texture": "#texture" },
        "up":    { "uv": [ 7.876, 7.751, 8.124, 7.874 ], "texture": "#texture" },
        "north": { "uv": [ 7.876, 4.251, 8.124, 6.624 ], "texture": "#texture" },
        "south": { "uv": [ 7.876, 4.251, 8.124, 6.624 ], "texture": "#texture" },
        "west":  { "uv": [ 7.751, 4.251, 7.874, 6.624 ], "texture": "#texture" },
        "east":  { "uv": [ 8.126, 4.251, 8.249, 6.624 ], "texture": "#texture" }
    }
},
{
    "__comment": "Wolf",
    "from": [ 7.875, 0, 7.875 ],
    "to": [ 8.125, 0.125, 8 ],
    "faces": {
        "down":  { "uv": [ 8.124, 7.999, 7.876, 7.876 ], "texture": "#texture", "cullface": "down" },
        "north": { "uv": [ 7.876, 15.876, 8.124, 15.999 ], "texture": "#texture" },
        "south": { "uv": [ 7.876, 15.876, 8.124, 15.999 ], "texture": "#texture" },
        "west":  { "uv": [ 7.876, 15.876, 7.999, 15.999 ], "texture": "#texture" },
        "east":  { "uv": [ 8.001, 15.876, 8.124, 15.999 ], "texture": "#texture" }
    }
},
{
    "__comment": "Wolf",
    "from": [ 7.875, 6.625, 7.875 ],
    "to": [ 8.125, 6.75, 8.125 ],
    "faces": {
        "down":  { "uv": [ 8.124, 8.124, 7.876, 7.876 ], "texture": "#texture" },
        "up":    { "uv": [ 7.876, 7.876, 8.124, 8.124 ], "texture": "#texture" },
        "north": { "uv": [ 7.876, 9.251, 8.124, 9.374 ], "texture": "#texture" },
        "south": { "uv": [ 7.876, 9.251, 8.124, 9.374 ], "texture": "#texture" },
        "west":  { "uv": [ 7.876, 9.251, 8.124, 9.374 ], "texture": "#texture" },
        "east":  { "uv": [ 7.876, 9.251, 8.124, 9.374 ], "texture": "#texture" }
    }
},
{
    "__comment": "Wolf",
    "from": [ 7.875, 6.75, 7.875 ],
    "to": [ 8.125, 9.375, 8 ],
    "faces": {
        "north": { "uv": [ 7.876, 6.626, 8.124, 9.249 ], "texture": "#texture" },
        "south": { "uv": [ 7.876, 6.626, 8.124, 9.249 ], "texture": "#texture" },
        "west":  { "uv": [ 7.876, 6.626, 7.999, 9.249 ], "texture": "#texture" },
        "east":  { "uv": [ 8.001, 6.626, 8.124, 9.249 ], "texture": "#texture" }
    }
},
{
    "__comment": "Wolf",
    "from": [ 7.875, 9.875, 7.875 ],
    "to": [ 8.125, 11.5, 8 ],
    "faces": {
        "south": { "uv": [ 7.876, 4.501, 8.124, 6.124 ], "texture": "#texture" },
        "west":  { "uv": [ 7.876, 4.501, 7.999, 6.124 ], "texture": "#texture" },
        "east":  { "uv": [ 8.001, 4.501, 8.124, 6.124 ], "texture": "#texture" }
    }
},
{
    "__comment": "Wolf",
    "from": [ 7.875, 11.75, 7.875 ],
    "to": [ 8.125, 15.875, 8.125 ],
    "faces": {
        "down":  { "uv": [ 8.124, 4.249, 7.626, 3.751 ], "texture": "#texture" },
        "up":    { "uv": [ 8.124, 0.126, 7.626, 0.624 ], "texture": "#texture" },
        "north": { "uv": [ 7.626, 0.126, 8.124, 4.249 ], "texture": "#texture" },
        "south": { "uv": [ 8.124, 0.126, 7.626, 4.249 ], "texture": "#texture" },
        "west":  { "uv": [ 8.126, 0.126, 8.624, 4.249 ], "texture": "#texture" },
        "east":  { "uv": [ 7.624, 0.126, 7.126, 4.249 ], "texture": "#texture" }
    }
},
{
    "__comment": "Wolf",
    "from": [ 7.875, 15.875, 7.875 ],
    "to": [ 8.125, 16, 8 ],
    "faces": {
        "up":    { "uv": [ 7.999, 0.001, 7.501, 0.499 ], "texture": "#texture", "cullface": "up" },
        "north": { "uv": [ 7.999, 0.001, 7.501, 0.499 ], "texture": "#texture" },
        "south": { "uv": [ 7.999, 0.499, 7.501, 0.001 ], "texture": "#texture" },
        "west":  { "uv": [ 8.001, 0.001, 8.499, 0.499 ], "texture": "#texture" },
        "east":  { "uv": [ 7.499, 0.001, 7.001, 0.499 ], "texture": "#texture" }
    }
},
{
    "__comment": "Wolf",
    "from": [ 7.875, 0.125, 8 ],
    "to": [ 8.125, 0.25, 8.125 ],
    "faces": {
        "down":  { "uv": [ 8.124, 8.124, 7.876, 8.001 ], "texture": "#texture" },
        "south": { "uv": [ 7.876, 15.751, 8.124, 15.874 ], "texture": "#texture" },
        "west":  { "uv": [ 8.001, 15.751, 8.124, 15.874 ], "texture": "#texture" },
        "east":  { "uv": [ 7.876, 15.751, 7.999, 15.874 ], "texture": "#texture" }
    }
},
{
    "__comment": "Wolf",
    "from": [ 7.875, 6.125, 8 ],
    "to": [ 8.125, 6.625, 8.125 ],
    "faces": {
        "south": { "uv": [ 7.876, 9.376, 8.124, 9.874 ], "texture": "#texture" },
        "west":  { "uv": [ 8.001, 9.376, 8.124, 9.874 ], "texture": "#texture" },
        "east":  { "uv": [ 7.876, 9.376, 7.999, 9.874 ], "texture": "#texture" }
    }
},
{
    "__comment": "Wolf",
    "from": [ 7.875, 9.125, 8 ],
    "to": [ 8.125, 9.875, 8.125 ],
    "faces": {
        "up":    { "uv": [ 7.876, 8.001, 8.124, 8.124 ], "texture": "#texture" },
        "north": { "uv": [ 7.876, 6.126, 8.124, 6.874 ], "texture": "#texture" },
        "south": { "uv": [ 7.876, 6.126, 8.124, 6.874 ], "texture": "#texture" },
        "west":  { "uv": [ 8.001, 6.126, 8.124, 6.874 ], "texture": "#texture" },
        "east":  { "uv": [ 7.876, 6.126, 7.999, 6.874 ], "texture": "#texture" }
    }
},
{
    "__comment": "Wolf",
    "from": [ 7.875, 11.5, 8 ],
    "to": [ 8.125, 11.75, 8.125 ],
    "faces": {
        "down":  { "uv": [ 8.124, 8.124, 7.876, 8.001 ], "texture": "#texture" },
        "south": { "uv": [ 7.876, 4.251, 8.124, 4.499 ], "texture": "#texture" },
        "west":  { "uv": [ 8.001, 4.251, 8.124, 4.499 ], "texture": "#texture" },
        "east":  { "uv": [ 7.876, 4.251, 7.999, 4.499 ], "texture": "#texture" }
    }
},
{
    "__comment": "Wolf",
    "from": [ 7.875, 0.625, 8.125 ],
    "to": [ 8.125, 0.75, 8.25 ],
    "faces": {
        "down":  { "uv": [ 8.124, 8.249, 7.876, 8.126 ], "texture": "#texture" },
        "south": { "uv": [ 7.876, 15.251, 8.124, 15.374 ], "texture": "#texture" },
        "west":  { "uv": [ 8.126, 15.251, 8.249, 15.374 ], "texture": "#texture" },
        "east":  { "uv": [ 7.751, 15.251, 7.874, 15.374 ], "texture": "#texture" }
    }
},
{
    "__comment": "Wolf",
    "from": [ 7.875, 2.375, 8.125 ],
    "to": [ 8.125, 3.125, 8.25 ],
    "faces": {
        "south": { "uv": [ 7.876, 12.876, 8.124, 13.624 ], "texture": "#texture" },
        "west":  { "uv": [ 8.126, 12.876, 8.249, 13.624 ], "texture": "#texture" },
        "east":  { "uv": [ 7.751, 12.876, 7.874, 13.624 ], "texture": "#texture" }
    }
},
{
    "__comment": "Wolf",
    "from": [ 7.875, 5.25, 8.125 ],
    "to": [ 8.125, 5.75, 8.25 ],
    "faces": {
        "north": { "uv": [ 7.876, 10.251, 8.124, 10.749 ], "texture": "#texture" },
        "south": { "uv": [ 7.876, 10.251, 8.124, 10.749 ], "texture": "#texture" },
        "west":  { "uv": [ 8.126, 10.251, 8.249, 10.749 ], "texture": "#texture" },
        "east":  { "uv": [ 7.751, 10.251, 7.874, 10.749 ], "texture": "#texture" }
    }
},
{
    "__comment": "Wolf",
    "from": [ 7.875, 6, 8.125 ],
    "to": [ 8.125, 6.125, 8.25 ],
    "faces": {
        "up":    { "uv": [ 7.876, 8.126, 8.124, 8.249 ], "texture": "#texture" },
        "south": { "uv": [ 7.876, 9.876, 8.124, 9.999 ], "texture": "#texture" },
        "west":  { "uv": [ 8.126, 9.876, 8.249, 9.999 ], "texture": "#texture" },
        "east":  { "uv": [ 7.751, 9.876, 7.874, 9.999 ], "texture": "#texture" }
    }
},
{
    "__comment": "Wolf",
    "from": [ 7.875, 6.75, 8.125 ],
    "to": [ 8.125, 9.125, 8.25 ],
    "faces": {
        "down":  { "uv": [ 8.124, 8.249, 7.876, 8.126 ], "texture": "#texture" },
        "up":    { "uv": [ 7.876, 8.126, 8.124, 8.249 ], "texture": "#texture" },
        "south": { "uv": [ 7.876, 6.876, 8.124, 9.249 ], "texture": "#texture" },
        "west":  { "uv": [ 8.126, 6.876, 8.249, 9.249 ], "texture": "#texture" },
        "east":  { "uv": [ 7.751, 6.876, 7.874, 9.249 ], "texture": "#texture" }
    }
},
{
    "__comment": "Wolf",
    "from": [ 7.875, 0.75, 8.25 ],
    "to": [ 8.125, 0.875, 8.375 ],
    "faces": {
        "down":  { "uv": [ 8.124, 8.374, 7.876, 8.251 ], "texture": "#texture" },
        "south": { "uv": [ 7.876, 15.126, 8.124, 15.249 ], "texture": "#texture" },
        "west":  { "uv": [ 8.251, 15.126, 8.374, 15.249 ], "texture": "#texture" },
        "east":  { "uv": [ 7.626, 15.126, 7.749, 15.249 ], "texture": "#texture" }
    }
},
{
    "__comment": "Wolf",
    "from": [ 7.875, 2.25, 8.25 ],
    "to": [ 8.125, 2.375, 8.375 ],
    "faces": {
        "up":    { "uv": [ 7.876, 8.251, 8.124, 8.374 ], "texture": "#texture" },
        "south": { "uv": [ 7.876, 13.626, 8.124, 13.749 ], "texture": "#texture" },
        "west":  { "uv": [ 8.251, 13.626, 8.374, 13.749 ], "texture": "#texture" },
        "east":  { "uv": [ 7.626, 13.626, 7.749, 13.749 ], "texture": "#texture" }
    }
},
{
    "__comment": "Wolf",
    "from": [ 7.875, 3.125, 8.25 ],
    "to": [ 8.125, 4.25, 8.375 ],
    "faces": {
        "down":  { "uv": [ 8.124, 8.374, 7.876, 8.251 ], "texture": "#texture" },
        "south": { "uv": [ 7.876, 11.751, 8.124, 12.874 ], "texture": "#texture" },
        "west":  { "uv": [ 8.251, 11.751, 8.374, 12.874 ], "texture": "#texture" },
        "east":  { "uv": [ 7.626, 11.751, 7.749, 12.874 ], "texture": "#texture" }
    }
},
{
    "__comment": "Wolf",
    "from": [ 7.875, 4.875, 8.25 ],
    "to": [ 8.125, 5.25, 8.375 ],
    "faces": {
        "up":    { "uv": [ 7.876, 8.251, 8.124, 8.374 ], "texture": "#texture" },
        "south": { "uv": [ 7.876, 10.751, 8.124, 11.124 ], "texture": "#texture" },
        "west":  { "uv": [ 8.251, 10.751, 8.374, 11.124 ], "texture": "#texture" },
        "east":  { "uv": [ 7.626, 10.751, 7.749, 11.124 ], "texture": "#texture" }
    }
},
{
    "__comment": "Wolf",
    "from": [ 7.875, 5.75, 8.25 ],
    "to": [ 8.125, 6, 8.375 ],
    "faces": {
        "down":  { "uv": [ 8.124, 8.374, 7.876, 8.251 ], "texture": "#texture" },
        "up":    { "uv": [ 7.876, 8.251, 8.124, 8.374 ], "texture": "#texture" },
        "south": { "uv": [ 7.876, 10.001, 8.124, 10.249 ], "texture": "#texture" },
        "west":  { "uv": [ 8.251, 10.001, 8.374, 10.249 ], "texture": "#texture" },
        "east":  { "uv": [ 7.626, 10.001, 7.749, 10.249 ], "texture": "#texture" }
    }
},
{
    "__comment": "Wolf",
    "from": [ 7.875, 1.75, 8.375 ],
    "to": [ 8.125, 2.25, 8.5 ],
    "faces": {
        "down":  { "uv": [ 8.124, 8.499, 7.876, 8.376 ], "texture": "#texture" },
        "up":    { "uv": [ 7.876, 8.376, 8.124, 8.499 ], "texture": "#texture" },
        "south": { "uv": [ 7.876, 13.751, 8.124, 14.249 ], "texture": "#texture" },
        "west":  { "uv": [ 8.376, 13.751, 8.499, 14.249 ], "texture": "#texture" },
        "east":  { "uv": [ 7.501, 13.751, 7.624, 14.249 ], "texture": "#texture" }
    }
},
{
    "__comment": "Wolf",
    "from": [ 7.875, 4.25, 8.375 ],
    "to": [ 8.125, 4.875, 8.5 ],
    "faces": {
        "down":  { "uv": [ 8.124, 8.499, 7.876, 8.376 ], "texture": "#texture" },
        "up":    { "uv": [ 7.876, 8.376, 8.124, 8.499 ], "texture": "#texture" },
        "south": { "uv": [ 7.876, 11.126, 8.124, 11.749 ], "texture": "#texture" },
        "west":  { "uv": [ 8.376, 11.126, 8.499, 11.749 ], "texture": "#texture" },
        "east":  { "uv": [ 7.501, 11.126, 7.624, 11.749 ], "texture": "#texture" }
    }
},
{
    "__comment": "Wolf",
    "from": [ 7.875, 1.375, 8.5 ],
    "to": [ 8.125, 1.625, 8.625 ],
    "faces": {
        "down":  { "uv": [ 8.124, 8.624, 7.876, 8.501 ], "texture": "#texture" },
        "up":    { "uv": [ 7.876, 8.501, 8.124, 8.624 ], "texture": "#texture" },
        "north": { "uv": [ 7.876, 14.376, 8.124, 14.624 ], "texture": "#texture" },
        "south": { "uv": [ 7.876, 14.376, 8.124, 14.624 ], "texture": "#texture" },
        "west":  { "uv": [ 8.501, 14.376, 8.624, 14.624 ], "texture": "#texture" },
        "east":  { "uv": [ 7.376, 14.376, 7.499, 14.624 ], "texture": "#texture" }
    }
}
],
"display": {
    "thirdperson_righthand": {
        "rotation": [ 0, 180, 0 ],
        "translation": [ 0, 1.89, 1.13 ],
        "scale": [ 1.2, 1.2, 1.2 ]
    },
    "thirdperson_lefthand": {
        "rotation": [ 0, 180, 0 ],
        "translation": [ 0, 1.89, 1.13 ],
        "scale": [ 1.2, 1.2, 1.2 ]
    },
    "head": {
        "rotation": [ -70, 0, 0 ],
        "translation": [ 6.99, 0.5, 0 ],
        "scale": [ 1.3, 1.3, 1.3 ]
    },
    "ground": {
        "rotation": [ -70, 0, 0 ],
        "translation": [ 0, 0, 0 ],
        "scale": [ 1, 1, 1 ]
    },
    "fixed": {
        "rotation": [ 0, 90, 0 ],
        "translation": [ 0, 0, -0.5 ],
        "scale": [ 1.2, 1.2, 1.2 ]
    },
    "firstperson_righthand": {
        "rotation": [ 0, -99, -14 ],
        "translation": [ 1, 3.25, 0.56 ],
        "scale": [ 0.9, 0.9, 0.9 ]
    },
    "firstperson_lefthand": {
        "rotation": [ 0, 99, 14 ],
        "translation": [ 1, 3.25, 0.56 ],
        "scale": [ 0.9, 0.9, 0.9 ]
    },
    "gui": {
        "rotation": [ 71, 45, -84 ],
        "translation": [ -0.2, -0.2, 0 ],
        "scale": [ 1.2, 1.2, 1.2 ]
    }
}
}